DailyOperation[ReportDate],DailyOperation[Shift],DailyOperation[TotalLoadMW],DailyOperation[GrossMWH],DailyOperation[NetMWH],DailyOperation[AuxMWH],DailyOperation[FuelGasTons],DailyOperation[HeatRate],DailyOperation[NetEff_Pct],DailyOperation[Group],DailyOperation[Unit],DailyOperation[AvgLoad_MW],DailyOperation[GenDay_MWH],DailyOperation[MFEQH_Hours],DailyOperation[UnitType]
2026-03-03T00:00:00,NIGHT,2080,55187,53948,1239,8714,7290.843631,0.493770019,Group 1,11,124.625,2991,86109,GT
2026-03-03T00:00:00,NIGHT,2080,55187,53948,1239,8714,7290.843631,0.493770019,Group 1,12,124.625,2991,89575,GT
2026-03-02T00:00:00,NIGHT,2313,54908,53649,1259,8664,7351.585439,0.489690289,Group 1,11,121.2916667,2911,86109,GT
2026-03-02T00:00:00,NIGHT,2313,54908,53649,1259,8664,7351.585439,0.489690289,Group 1,12,121.2916667,2911,89575,GT
2026-03-01T00:00:00,NIGHT,2275,55159,53884,1275,8628,7371.044317,0.488397552,Group 1,11,120.375,2889,86085,GT
2026-03-01T00:00:00,NIGHT,2275,55159,53884,1275,8628,7371.044317,0.488397552,Group 1,12,120.3333333,2888,89551,GT
2026-02-28T00:00:00,NIGHT,2333,62381,61077,1304,9568,7198.393791,0.500111567,Group 1,11,141.875,3405,86061,GT
2026-02-28T00:00:00,NIGHT,2333,62381,61077,1304,9568,7198.393791,0.500111567,Group 1,12,141.625,3399,89527,GT
2026-02-27T00:00:00,NIGHT,3406,66401,65056,1345,10074,7147.983039,0.503638576,Group 1,11,158.7916667,3811,86037,GT
2026-02-27T00:00:00,NIGHT,3406,66401,65056,1345,10074,7147.983039,0.503638576,Group 1,12,158.7916667,3811,89503,GT
2026-02-26T00:00:00,NIGHT,2811,65113,63726,1387,9856,7141.956624,0.504063549,Group 1,11,164,3936,86013,GT
2026-02-26T00:00:00,NIGHT,2811,65113,63726,1387,9856,7141.956624,0.504063549,Group 1,12,164,3936,89479,GT
2026-02-25T00:00:00,NIGHT,3063,66326,64939,1387,9988,7095.019073,0.507398213,Group 1,11,174.1666667,4180,85989,GT
2026-02-25T00:00:00,NIGHT,3063,66326,64939,1387,9988,7095.019073,0.507398213,Group 1,12,174.2083333,4181,89455,GT
2026-02-24T00:00:00,NIGHT,3091,67958,66580,1378,10428,7218.797879,0.498697991,Group 1,11,191.2083333,4589,85965,GT
2026-02-24T00:00:00,NIGHT,3091,67958,66580,1378,10428,7218.797879,0.498697991,Group 1,12,191.5416667,4597,89431,GT
2026-02-23T00:00:00,NIGHT,79953.3463,72763,71373,1390,11034,7102.802219,0.506842214,Group 1,11,182.0416667,4369,85941,GT
2026-02-23T00:00:00,NIGHT,79953.3463,72763,71373,1390,11034,7102.802219,0.506842214,Group 1,12,182.7083333,4385,89407,GT
2026-02-22T00:00:00,NIGHT,3403,67247,65949,1298,10298,7138.878594,0.504280883,Group 1,12,153.0833333,3674,89359,GT
2026-02-22T00:00:00,NIGHT,3403,67247,65949,1298,10298,7138.878594,0.504280883,Group 1,11,153.125,3675,85893,GT
2026-02-21T00:00:00,NIGHT,2766,65673,64367,1306,10128,7184.496403,0.501078962,Group 1,11,157.1666667,3772,85893,GT
2026-02-21T00:00:00,NIGHT,2766,65673,64367,1306,10128,7184.496403,0.501078962,Group 1,12,157.1666667,3772,89359,GT
2026-02-20T00:00:00,NIGHT,3010,67647,66296,1351,10384,7145.030288,0.503846709,Group 1,11,164.5416667,3949,85869,GT
2026-02-20T00:00:00,NIGHT,3010,67647,66296,1351,10384,7145.030288,0.503846709,Group 1,12,164.5416667,3949,89335,GT
2026-02-19T00:00:00,NIGHT,3087,64023,62648,1375,10358,7543.178664,0.477252384,Group 1,11,149.7916667,3595,85845,GT
2026-02-19T00:00:00,NIGHT,3087,64023,62648,1375,10358,7543.178664,0.477252384,Group 1,12,150.2916667,3607,89311,GT
2026-02-18T00:00:00,NIGHT,2882,66827,65456,1371,10810,7526.616402,0.478302574,Group 1,11,184.4583333,4427,85821,GT
2026-02-18T00:00:00,NIGHT,2882,66827,65456,1371,10810,7526.616402,0.478302574,Group 1,12,184.5416667,4429,89287,GT
2026-02-17T00:00:00,NIGHT,2752,67225,65900,1325,10880,7485.307657,0.480942156,Group 1,12,192.7083333,4625,89263,GT
2026-02-17T00:00:00,NIGHT,2752,67225,65900,1325,10880,7485.307657,0.480942156,Group 1,11,192.375,4617,85797,GT
2026-02-16T00:00:00,NIGHT,3238,70681,69312,1369,11312,7400.106362,0.486479494,Group 1,11,199.0416667,4777,85773,GT
2026-02-16T00:00:00,NIGHT,3238,70681,69312,1369,11312,7400.106362,0.486479494,Group 1,12,199.6666667,4792,89239,GT
2026-02-15T00:00:00,NIGHT,3295,73260,71814,1446,11710,7390.402827,0.487118238,Group 1,11,184.3333333,4424,85749,GT
2026-02-15T00:00:00,NIGHT,3295,73260,71814,1446,11710,7390.402827,0.487118238,Group 1,12,184.3333333,4424,89215,GT
2026-02-14T00:00:00,NIGHT,3209,69029,67646,1383,11120,7451.416542,0.483129614,Group 1,11,188,4512,85725,GT
2026-02-14T00:00:00,NIGHT,3209,69029,67646,1383,11120,7451.416542,0.483129614,Group 1,12,188.0416667,4513,89191,GT
2026-02-13T00:00:00,NIGHT,2518,64022,62684,1338,10432,7531.796159,0.477973637,Group 1,12,161.5,3876,89167,GT
2026-02-13T00:00:00,NIGHT,2518,64022,62684,1338,10432,7531.796159,0.477973637,Group 1,11,161,3864,85701,GT
2026-02-12T00:00:00,NIGHT,3143,65389,63998,1391,10432,7408.663021,0.485917633,Group 1,11,165.2916667,3967,85677,GT
2026-02-12T00:00:00,NIGHT,3143,65389,63998,1391,10432,7408.663021,0.485917633,Group 1,12,165.625,3975,89143,GT
2026-02-10T00:00:00,NIGHT,2813,71146,69838,1308,10874,7087.098095,0.507965313,Group 1,11,177.0416667,4249,85629,GT
2026-02-10T00:00:00,NIGHT,2813,71146,69838,1308,10874,7087.098095,0.507965313,Group 1,12,177.0833333,4250,89095,GT
2026-02-09T00:00:00,NIGHT,79953.3463,67278,65977,1301,10332,7136.702459,0.504434649,Group 1,11,149.625,3591,85605,GT
2026-02-09T00:00:00,NIGHT,79953.3463,67278,65977,1301,10332,7136.702459,0.504434649,Group 1,12,149.5833333,3590,89071,GT
2026-02-08T00:00:00,NIGHT,3039,65601,64319,1282,10136,7168.896611,0.502169329,Group 1,11,153.2916667,3679,85581,GT
2026-02-08T00:00:00,NIGHT,3039,65601,64319,1282,10136,7168.896611,0.502169329,Group 1,12,153.375,3681,89047,GT
2026-02-07T00:00:00,NIGHT,2458,68529,67294,1235,10478,7078.917119,0.508552359,Group 1,11,176.4583333,4235,85557,GT
2026-02-07T00:00:00,NIGHT,2458,68529,67294,1235,10478,7078.917119,0.508552359,Group 1,12,176.4583333,4235,89023,GT
2026-02-06T00:00:00,NIGHT,2972,66989,65776,1213,10304,7133.142009,0.504686433,Group 1,11,160.5833333,3854,85533,GT
2026-02-06T00:00:00,NIGHT,2972,66989,65776,1213,10304,7133.142009,0.504686433,Group 1,12,166.1666667,3988,88999,GT
2026-02-05T00:00:00,NIGHT,2614,64788,63495,1293,9916,7124.371532,0.505307729,Group 1,11,176.5416667,4237,85509,GT
2026-02-05T00:00:00,NIGHT,2614,64788,63495,1293,9916,7124.371532,0.505307729,Group 1,12,176.5833333,4238,88975,GT
2026-02-04T00:00:00,NIGHT,2900,63044,61753,1291,9764,7213.055586,0.499095003,Group 1,11,151.5416667,3637,85485,GT
2026-02-04T00:00:00,NIGHT,2900,63044,61753,1291,9764,7213.055586,0.499095003,Group 1,12,151.5416667,3637,88951,GT
2026-02-03T00:00:00,NIGHT,2655,65787,64471,1316,9976,7042.943661,0.511149907,Group 1,12,149.4583333,3587,88927,GT
2026-02-03T00:00:00,NIGHT,2655,65787,64471,1316,9976,7042.943661,0.511149907,Group 1,11,149.4166667,3586,85461,GT
2026-02-02T00:00:00,NIGHT,3189,72300,70994,1306,10712,7073.203279,0.508963175,Group 1,11,161.625,3879,85413,GT
2026-02-02T00:00:00,NIGHT,3189,72300,70994,1306,10712,7073.203279,0.508963175,Group 1,12,161.8333333,3884,88879,GT
2026-01-31T00:00:00,NIGHT,2975,65721,64498,1223,9972,6964.660758,0.516895241,Group 1,11,149.4583333,3587,85389,GT
2026-01-31T00:00:00,NIGHT,2975,65721,64498,1223,9972,6964.660758,0.516895241,Group 1,12,149.5,3588,88855,GT
2026-01-30T00:00:00,NIGHT,2907,61932,60709,1223,9504,7052.084207,0.510487381,Group 1,11,144.7083333,3473,85365,GT
2026-01-30T00:00:00,NIGHT,2907,61932,60709,1223,9504,7052.084207,0.510487381,Group 1,12,144.7083333,3473,88831,GT
2026-01-29T00:00:00,NIGHT,2347,62292,61090,1202,9628,7099.538154,0.507075238,Group 1,11,145.9583333,3503,85341,GT
2026-01-29T00:00:00,NIGHT,2347,62292,61090,1202,9628,7099.538154,0.507075238,Group 1,12,146.6666667,3520,88807,GT
2026-01-28T00:00:00,NIGHT,2724,66448,65230,1218,10174,7026.002502,0.512382397,Group 1,12,143.375,3441,88783,GT
2026-01-28T00:00:00,NIGHT,2724,66448,65230,1218,10174,7026.002502,0.512382397,Group 1,11,143.0416667,3433,85317,GT
2026-01-27T00:00:00,NIGHT,2679,65247,64029,1218,10194,7171.864095,0.501961548,Group 1,11,113,2701,85293,GT
2026-01-27T00:00:00,NIGHT,2679,65247,64029,1218,10194,7171.864095,0.501961548,Group 1,12,113,2700,88759,GT
2026-01-26T00:00:00,NIGHT,2776,65217,63999,1218,9888,6959.842484,0.517253086,Group 1,11,157.2916667,3775,85269,GT
2026-01-26T00:00:00,NIGHT,2776,65217,63999,1218,9888,6959.842484,0.517253086,Group 1,12,159.2083333,3821,88735,GT
2026-01-25T00:00:00,NIGHT,2905,68459,67230,1229,10444,6997.902591,0.514439856,Group 1,11,173.75,4170,85245,GT
2026-01-25T00:00:00,NIGHT,2905,68459,67230,1229,10444,6997.902591,0.514439856,Group 1,12,173.875,4173,88711,GT
2026-01-24T00:00:00,NIGHT,2908,69371,68191,1180,10912,7209.671423,0.499329274,Group 1,11,185.4583333,4451,85221,GT
2026-01-24T00:00:00,NIGHT,2908,69371,68191,1180,10912,7209.671423,0.499329274,Group 1,12,185.5,4452,88687,GT
2026-03-03T00:00:00,NIGHT,2080,55187,53948,1239,8714,7290.843631,0.493770019,Group 2,21,128.8333333,3092,88096,GT
2026-03-03T00:00:00,NIGHT,2080,55187,53948,1239,8714,7290.843631,0.493770019,Group 2,22,128.875,3093,85653,GT
2026-03-02T00:00:00,NIGHT,2313,54908,53649,1259,8664,7351.585439,0.489690289,Group 2,21,119.7916667,2875,88096,GT
2026-03-02T00:00:00,NIGHT,2313,54908,53649,1259,8664,7351.585439,0.489690289,Group 2,22,119.75,2874,85653,GT
2026-03-01T00:00:00,NIGHT,2275,55159,53884,1275,8628,7371.044317,0.488397552,Group 2,21,120.1666667,2884,88072,GT
2026-03-01T00:00:00,NIGHT,2275,55159,53884,1275,8628,7371.044317,0.488397552,Group 2,22,120.125,2883,85629,GT
2026-02-28T00:00:00,NIGHT,2333,62381,61077,1304,9568,7198.393791,0.500111567,Group 2,22,145.4166667,3490,85605,GT
2026-02-28T00:00:00,NIGHT,2333,62381,61077,1304,9568,7198.393791,0.500111567,Group 2,21,145.5416667,3493,88048,GT
2026-02-27T00:00:00,NIGHT,3406,66401,65056,1345,10074,7147.983039,0.503638576,Group 2,21,163.625,3927,88024,GT
2026-02-27T00:00:00,NIGHT,3406,66401,65056,1345,10074,7147.983039,0.503638576,Group 2,22,163.625,3927,85581,GT
2026-02-26T00:00:00,NIGHT,2811,65113,63726,1387,9856,7141.956624,0.504063549,Group 2,22,179.4583333,4307,85557,GT
2026-02-26T00:00:00,NIGHT,2811,65113,63726,1387,9856,7141.956624,0.504063549,Group 2,21,178,4272,88000,GT
2026-02-25T00:00:00,NIGHT,3063,66326,64939,1387,9988,7095.019073,0.507398213,Group 2,21,175.0833333,4202,87976,GT
2026-02-25T00:00:00,NIGHT,3063,66326,64939,1387,9988,7095.019073,0.507398213,Group 2,22,176.2916667,4231,85533,GT
2026-02-24T00:00:00,NIGHT,3091,67958,66580,1378,10428,7218.797879,0.498697991,Group 2,21,191.875,4605,87952,GT
2026-02-24T00:00:00,NIGHT,3091,67958,66580,1378,10428,7218.797879,0.498697991,Group 2,22,191.125,4587,85509,GT
2026-02-23T00:00:00,NIGHT,79953.3463,72763,71373,1390,11034,7102.802219,0.506842214,Group 2,21,178.0416667,4273,87928,GT
2026-02-23T00:00:00,NIGHT,79953.3463,72763,71373,1390,11034,7102.802219,0.506842214,Group 2,22,177.25,4254,85485,GT
2026-02-22T00:00:00,NIGHT,3403,67247,65949,1298,10298,7138.878594,0.504280883,Group 2,22,164.7916667,3955,85437,GT
2026-02-22T00:00:00,NIGHT,3403,67247,65949,1298,10298,7138.878594,0.504280883,Group 2,21,164.7083333,3953,87880,GT
2026-02-21T00:00:00,NIGHT,2766,65673,64367,1306,10128,7184.496403,0.501078962,Group 2,21,117.7916667,2827,87880,GT
2026-02-21T00:00:00,NIGHT,2766,65673,64367,1306,10128,7184.496403,0.501078962,Group 2,22,141.4166667,3394,85437,GT
2026-02-20T00:00:00,NIGHT,3010,67647,66296,1351,10384,7145.030288,0.503846709,Group 2,21,154.625,3711,87859,GT
2026-02-20T00:00:00,NIGHT,3010,67647,66296,1351,10384,7145.030288,0.503846709,Group 2,22,154.6666667,3712,85413,GT
2026-02-19T00:00:00,NIGHT,3087,64023,62648,1375,10358,7543.178664,0.477252384,Group 2,21,156.9583333,3767,87835,GT
2026-02-19T00:00:00,NIGHT,3087,64023,62648,1375,10358,7543.178664,0.477252384,Group 2,22,156.5,3756,85389,GT
2026-02-18T00:00:00,NIGHT,2882,66827,65456,1371,10810,7526.616402,0.478302574,Group 2,21,171.8333333,4124,87811,GT
2026-02-18T00:00:00,NIGHT,2882,66827,65456,1371,10810,7526.616402,0.478302574,Group 2,22,171.8333333,4124,85365,GT
2026-02-17T00:00:00,NIGHT,2752,67225,65900,1325,10880,7485.307657,0.480942156,Group 2,22,178.75,4290,85341,GT
2026-02-17T00:00:00,NIGHT,2752,67225,65900,1325,10880,7485.307657,0.480942156,Group 2,21,179.0833333,4298,87787,GT
2026-02-16T00:00:00,NIGHT,3238,70681,69312,1369,11312,7400.106362,0.486479494,Group 2,21,184.6666667,4432,87763,GT
2026-02-16T00:00:00,NIGHT,3238,70681,69312,1369,11312,7400.106362,0.486479494,Group 2,22,184,4416,85317,GT
2026-02-15T00:00:00,NIGHT,3295,73260,71814,1446,11710,7390.402827,0.487118238,Group 2,21,183.5833333,4406,87739,GT
2026-02-15T00:00:00,NIGHT,3295,73260,71814,1446,11710,7390.402827,0.487118238,Group 2,22,183,4392,85293,GT
2026-02-14T00:00:00,NIGHT,3209,69029,67646,1383,11120,7451.416542,0.483129614,Group 2,21,175,4200,87715,GT
2026-02-14T00:00:00,NIGHT,3209,69029,67646,1383,11120,7451.416542,0.483129614,Group 2,22,173.75,4170,85269,GT
2026-02-13T00:00:00,NIGHT,2518,64022,62684,1338,10432,7531.796159,0.477973637,Group 2,22,153,3672,85245,GT
2026-02-13T00:00:00,NIGHT,2518,64022,62684,1338,10432,7531.796159,0.477973637,Group 2,21,154,3696,87691,GT
2026-02-12T00:00:00,NIGHT,3143,65389,63998,1391,10432,7408.663021,0.485917633,Group 2,21,149.4583333,3587,87667,GT
2026-02-12T00:00:00,NIGHT,3143,65389,63998,1391,10432,7408.663021,0.485917633,Group 2,22,148.7083333,3569,85221,GT
2026-02-10T00:00:00,NIGHT,2813,71146,69838,1308,10874,7087.098095,0.507965313,Group 2,21,170.0833333,4082,87619,GT
2026-02-10T00:00:00,NIGHT,2813,71146,69838,1308,10874,7087.098095,0.507965313,Group 2,22,168.3333333,4040,85173,GT
2026-02-09T00:00:00,NIGHT,79953.3463,67278,65977,1301,10332,7136.702459,0.504434649,Group 2,22,171.0416667,4105,85149,GT
2026-02-09T00:00:00,NIGHT,79953.3463,67278,65977,1301,10332,7136.702459,0.504434649,Group 2,21,171.9583333,4127,87595,GT
2026-02-08T00:00:00,NIGHT,3039,65601,64319,1282,10136,7168.896611,0.502169329,Group 2,21,144.1666667,3460,87571,GT
2026-02-08T00:00:00,NIGHT,3039,65601,64319,1282,10136,7168.896611,0.502169329,Group 2,22,143.9583333,3455,85125,GT
2026-02-07T00:00:00,NIGHT,2458,68529,67294,1235,10478,7078.917119,0.508552359,Group 2,22,154.0416667,3697,85101,GT
2026-02-07T00:00:00,NIGHT,2458,68529,67294,1235,10478,7078.917119,0.508552359,Group 2,21,154.2083333,3701,87547,GT
2026-02-06T00:00:00,NIGHT,2972,66989,65776,1213,10304,7133.142009,0.504686433,Group 2,21,157.125,3771,87523,GT
2026-02-06T00:00:00,NIGHT,2972,66989,65776,1213,10304,7133.142009,0.504686433,Group 2,22,156.5,3756,85077,GT
2026-02-05T00:00:00,NIGHT,2614,64788,63495,1293,9916,7124.371532,0.505307729,Group 2,21,130.75,3138,87499,GT
2026-02-05T00:00:00,NIGHT,2614,64788,63495,1293,9916,7124.371532,0.505307729,Group 2,22,130.4583333,3131,85053,GT
2026-02-04T00:00:00,NIGHT,2900,63044,61753,1291,9764,7213.055586,0.499095003,Group 2,21,147.0416667,3529,87475,GT
2026-02-04T00:00:00,NIGHT,2900,63044,61753,1291,9764,7213.055586,0.499095003,Group 2,22,146.875,3525,85029,GT
2026-02-03T00:00:00,NIGHT,2655,65787,64471,1316,9976,7042.943661,0.511149907,Group 2,22,143.125,3435,85005,GT
2026-02-03T00:00:00,NIGHT,2655,65787,64471,1316,9976,7042.943661,0.511149907,Group 2,21,143.1666667,3436,87451,GT
2026-02-02T00:00:00,NIGHT,3189,72300,70994,1306,10712,7073.203279,0.508963175,Group 2,21,169.9166667,4078,87403,GT
2026-02-02T00:00:00,NIGHT,3189,72300,70994,1306,10712,7073.203279,0.508963175,Group 2,22,169.1666667,4060,84957,GT
2026-01-31T00:00:00,NIGHT,2975,65721,64498,1223,9972,6964.660758,0.516895241,Group 2,21,146.4166667,3514,87379,GT
2026-01-31T00:00:00,NIGHT,2975,65721,64498,1223,9972,6964.660758,0.516895241,Group 2,22,145.4166667,3490,84933,GT
2026-01-30T00:00:00,NIGHT,2907,61932,60709,1223,9504,7052.084207,0.510487381,Group 2,22,132.3333333,3176,84909,GT
2026-01-30T00:00:00,NIGHT,2907,61932,60709,1223,9504,7052.084207,0.510487381,Group 2,21,132.6666667,3184,87355,GT
2026-01-29T00:00:00,NIGHT,2347,62292,61090,1202,9628,7099.538154,0.507075238,Group 2,21,135.375,3249,87331,GT
2026-01-29T00:00:00,NIGHT,2347,62292,61090,1202,9628,7099.538154,0.507075238,Group 2,22,135.375,3249,84885,GT
2026-01-28T00:00:00,NIGHT,2724,66448,65230,1218,10174,7026.002502,0.512382397,Group 2,22,139.0416667,3337,84861,GT
2026-01-28T00:00:00,NIGHT,2724,66448,65230,1218,10174,7026.002502,0.512382397,Group 2,21,139.125,3339,87307,GT
2026-01-27T00:00:00,NIGHT,2679,65247,64029,1218,10194,7171.864095,0.501961548,Group 2,21,185,4430,87283,GT
2026-01-27T00:00:00,NIGHT,2679,65247,64029,1218,10194,7171.864095,0.501961548,Group 2,22,184,4405,84837,GT
2026-01-26T00:00:00,NIGHT,2776,65217,63999,1218,9888,6959.842484,0.517253086,Group 2,22,152.0833333,3650,84813,GT
2026-01-26T00:00:00,NIGHT,2776,65217,63999,1218,9888,6959.842484,0.517253086,Group 2,21,152.7083333,3665,87259,GT
2026-01-25T00:00:00,NIGHT,2905,68459,67230,1229,10444,6997.902591,0.514439856,Group 2,22,144.2916667,3463,84789,GT
2026-01-25T00:00:00,NIGHT,2905,68459,67230,1229,10444,6997.902591,0.514439856,Group 2,21,150.0416667,3601,87235,GT
2026-01-24T00:00:00,NIGHT,2908,69371,68191,1180,10912,7209.671423,0.499329274,Group 2,22,182.3333333,4376,84765,GT
2026-01-24T00:00:00,NIGHT,2908,69371,68191,1180,10912,7209.671423,0.499329274,Group 2,21,192.75,4626,87211,GT
2026-03-03T00:00:00,NIGHT,2080,55187,53948,1239,8714,7290.843631,0.493770019,Group 3,31,119.6666667,2872,86398,GT
2026-03-03T00:00:00,NIGHT,2080,55187,53948,1239,8714,7290.843631,0.493770019,Group 3,32,119.6666667,2872,89055,GT
2026-03-02T00:00:00,NIGHT,2313,54908,53649,1259,8664,7351.585439,0.489690289,Group 3,31,119.875,2877,86398,GT
2026-03-02T00:00:00,NIGHT,2313,54908,53649,1259,8664,7351.585439,0.489690289,Group 3,32,119.7916667,2875,89055,GT
2026-03-01T00:00:00,NIGHT,2275,55159,53884,1275,8628,7371.044317,0.488397552,Group 3,31,119.9166667,2878,86374,GT
2026-03-01T00:00:00,NIGHT,2275,55159,53884,1275,8628,7371.044317,0.488397552,Group 3,32,120,2880,89031,GT
2026-02-28T00:00:00,NIGHT,2333,62381,61077,1304,9568,7198.393791,0.500111567,Group 3,31,130.25,3126,86350,GT
2026-02-28T00:00:00,NIGHT,2333,62381,61077,1304,9568,7198.393791,0.500111567,Group 3,32,130.25,3126,89007,GT
2026-02-27T00:00:00,NIGHT,3406,66401,65056,1345,10074,7147.983039,0.503638576,Group 3,31,142.0416667,3409,86326,GT
2026-02-27T00:00:00,NIGHT,3406,66401,65056,1345,10074,7147.983039,0.503638576,Group 3,32,141.9583333,3407,88983,GT
2026-02-26T00:00:00,NIGHT,2811,65113,63726,1387,9856,7141.956624,0.504063549,Group 3,31,142.3333333,3416,86302,GT
2026-02-26T00:00:00,NIGHT,2811,65113,63726,1387,9856,7141.956624,0.504063549,Group 3,32,142.3333333,3416,88959,GT
2026-02-25T00:00:00,NIGHT,3063,66326,64939,1387,9988,7095.019073,0.507398213,Group 3,31,167.25,4014,86278,GT
2026-02-25T00:00:00,NIGHT,3063,66326,64939,1387,9988,7095.019073,0.507398213,Group 3,32,167.2916667,4015,88935,GT
2026-02-24T00:00:00,NIGHT,3091,67958,66580,1378,10428,7218.797879,0.498697991,Group 3,31,168.5,4044,86254,GT
2026-02-24T00:00:00,NIGHT,3091,67958,66580,1378,10428,7218.797879,0.498697991,Group 3,32,168.4583333,4043,88911,GT
2026-02-23T00:00:00,NIGHT,79953.3463,72763,71373,1390,11034,7102.802219,0.506842214,Group 3,31,155.9583333,3743,86230,GT
2026-02-23T00:00:00,NIGHT,79953.3463,72763,71373,1390,11034,7102.802219,0.506842214,Group 3,32,156,3744,88887,GT
2026-02-22T00:00:00,NIGHT,3403,67247,65949,1298,10298,7138.878594,0.504280883,Group 3,32,161.625,3879,88839,GT
2026-02-22T00:00:00,NIGHT,3403,67247,65949,1298,10298,7138.878594,0.504280883,Group 3,31,161.625,3879,86182,GT
2026-02-21T00:00:00,NIGHT,2766,65673,64367,1306,10128,7184.496403,0.501078962,Group 3,31,162.2083333,3893,86182,GT
2026-02-21T00:00:00,NIGHT,2766,65673,64367,1306,10128,7184.496403,0.501078962,Group 3,32,162.2083333,3893,88839,GT
2026-02-20T00:00:00,NIGHT,3010,67647,66296,1351,10384,7145.030288,0.503846709,Group 3,31,151.7916667,3643,86158,GT
2026-02-20T00:00:00,NIGHT,3010,67647,66296,1351,10384,7145.030288,0.503846709,Group 3,32,151.7916667,3643,88815,GT
2026-02-19T00:00:00,NIGHT,3087,64023,62648,1375,10358,7543.178664,0.477252384,Group 3,31,159.4166667,3826,86134,GT
2026-02-19T00:00:00,NIGHT,3087,64023,62648,1375,10358,7543.178664,0.477252384,Group 3,32,159.4166667,3826,88791,GT
2026-02-18T00:00:00,NIGHT,2882,66827,65456,1371,10810,7526.616402,0.478302574,Group 3,31,163.8333333,3932,86110,GT
2026-02-18T00:00:00,NIGHT,2882,66827,65456,1371,10810,7526.616402,0.478302574,Group 3,32,163.875,3933,88767,GT
2026-02-17T00:00:00,NIGHT,2752,67225,65900,1325,10880,7485.307657,0.480942156,Group 3,31,147.625,3543,86086,GT
2026-02-17T00:00:00,NIGHT,2752,67225,65900,1325,10880,7485.307657,0.480942156,Group 3,32,147.75,3546,88743,GT
2026-02-16T00:00:00,NIGHT,3238,70681,69312,1369,11312,7400.106362,0.486479494,Group 3,31,159.875,3837,86062,GT
2026-02-16T00:00:00,NIGHT,3238,70681,69312,1369,11312,7400.106362,0.486479494,Group 3,32,160.0416667,3841,88719,GT
2026-02-15T00:00:00,NIGHT,3295,73260,71814,1446,11710,7390.402827,0.487118238,Group 3,31,181.2083333,4349,86038,GT
2026-02-15T00:00:00,NIGHT,3295,73260,71814,1446,11710,7390.402827,0.487118238,Group 3,32,181.2083333,4349,88695,GT
2026-02-14T00:00:00,NIGHT,3209,69029,67646,1383,11120,7451.416542,0.483129614,Group 3,31,157.875,3789,86014,GT
2026-02-14T00:00:00,NIGHT,3209,69029,67646,1383,11120,7451.416542,0.483129614,Group 3,32,157.9166667,3790,88671,GT
2026-02-13T00:00:00,NIGHT,2518,64022,62684,1338,10432,7531.796159,0.477973637,Group 3,32,161.375,3873,88647,GT
2026-02-13T00:00:00,NIGHT,2518,64022,62684,1338,10432,7531.796159,0.477973637,Group 3,31,161.375,3873,85990,GT
2026-02-12T00:00:00,NIGHT,3143,65389,63998,1391,10432,7408.663021,0.485917633,Group 3,31,156.5416667,3757,85966,GT
2026-02-12T00:00:00,NIGHT,3143,65389,63998,1391,10432,7408.663021,0.485917633,Group 3,32,156.5416667,3757,88623,GT
2026-02-10T00:00:00,NIGHT,2813,71146,69838,1308,10874,7087.098095,0.507965313,Group 3,31,160.5,3852,85918,GT
2026-02-10T00:00:00,NIGHT,2813,71146,69838,1308,10874,7087.098095,0.507965313,Group 3,32,160.5,3852,88575,GT
2026-02-09T00:00:00,NIGHT,79953.3463,67278,65977,1301,10332,7136.702459,0.504434649,Group 3,31,97.70833333,2345,85894,GT
2026-02-09T00:00:00,NIGHT,79953.3463,67278,65977,1301,10332,7136.702459,0.504434649,Group 3,32,145.0416667,3481,88551,GT
2026-02-08T00:00:00,NIGHT,3039,65601,64319,1282,10136,7168.896611,0.502169329,Group 3,31,140.75,3378,85877,GT
2026-02-08T00:00:00,NIGHT,3039,65601,64319,1282,10136,7168.896611,0.502169329,Group 3,32,140.75,3378,88527,GT
2026-02-07T00:00:00,NIGHT,2458,68529,67294,1235,10478,7078.917119,0.508552359,Group 3,31,153.0416667,3673,85853,GT
2026-02-07T00:00:00,NIGHT,2458,68529,67294,1235,10478,7078.917119,0.508552359,Group 3,32,153,3672,88503,GT
2026-02-06T00:00:00,NIGHT,2972,66989,65776,1213,10304,7133.142009,0.504686433,Group 3,31,153.7083333,3689,85829,GT
2026-02-06T00:00:00,NIGHT,2972,66989,65776,1213,10304,7133.142009,0.504686433,Group 3,32,153.75,3690,88479,GT
2026-02-05T00:00:00,NIGHT,2614,64788,63495,1293,9916,7124.371532,0.505307729,Group 3,31,134.9583333,3239,85805,GT
2026-02-05T00:00:00,NIGHT,2614,64788,63495,1293,9916,7124.371532,0.505307729,Group 3,32,135,3240,88455,GT
2026-02-04T00:00:00,NIGHT,2900,63044,61753,1291,9764,7213.055586,0.499095003,Group 3,31,130.3333333,3128,85781,GT
2026-02-04T00:00:00,NIGHT,2900,63044,61753,1291,9764,7213.055586,0.499095003,Group 3,32,130.3333333,3128,88431,GT
2026-02-03T00:00:00,NIGHT,2655,65787,64471,1316,9976,7042.943661,0.511149907,Group 3,31,145.8333333,3500,85757,GT
2026-02-03T00:00:00,NIGHT,2655,65787,64471,1316,9976,7042.943661,0.511149907,Group 3,32,145.8333333,3500,88407,GT
2026-02-02T00:00:00,NIGHT,3189,72300,70994,1306,10712,7073.203279,0.508963175,Group 3,31,176.5,4236,85709,GT
2026-02-02T00:00:00,NIGHT,3189,72300,70994,1306,10712,7073.203279,0.508963175,Group 3,32,176.4166667,4234,88359,GT
2026-01-31T00:00:00,NIGHT,2975,65721,64498,1223,9972,6964.660758,0.516895241,Group 3,31,130.25,3126,85685,GT
2026-01-31T00:00:00,NIGHT,2975,65721,64498,1223,9972,6964.660758,0.516895241,Group 3,32,130.25,3126,88335,GT
2026-01-30T00:00:00,NIGHT,2907,61932,60709,1223,9504,7052.084207,0.510487381,Group 3,31,126.4166667,3034,85661,GT
2026-01-30T00:00:00,NIGHT,2907,61932,60709,1223,9504,7052.084207,0.510487381,Group 3,32,126.4166667,3034,88311,GT
2026-01-29T00:00:00,NIGHT,2347,62292,61090,1202,9628,7099.538154,0.507075238,Group 3,31,131.5833333,3158,85637,GT
2026-01-29T00:00:00,NIGHT,2347,62292,61090,1202,9628,7099.538154,0.507075238,Group 3,32,131.5416667,3157,88287,GT
2026-01-28T00:00:00,NIGHT,2724,66448,65230,1218,10174,7026.002502,0.512382397,Group 3,31,142.375,3417,85613,GT
2026-01-28T00:00:00,NIGHT,2724,66448,65230,1218,10174,7026.002502,0.512382397,Group 3,32,142.5416667,3421,88263,GT
2026-01-27T00:00:00,NIGHT,2679,65247,64029,1218,10194,7171.864095,0.501961548,Group 3,31,158,3795,85589,GT
2026-01-27T00:00:00,NIGHT,2679,65247,64029,1218,10194,7171.864095,0.501961548,Group 3,32,158,3795,88239,GT
2026-01-26T00:00:00,NIGHT,2776,65217,63999,1218,9888,6959.842484,0.517253086,Group 3,31,97.625,2343,85565,GT
2026-01-26T00:00:00,NIGHT,2776,65217,63999,1218,9888,6959.842484,0.517253086,Group 3,32,123.7083333,2969,88215,GT
2026-01-25T00:00:00,NIGHT,2905,68459,67230,1229,10444,6997.902591,0.514439856,Group 3,31,152.375,3657,85543,GT
2026-01-25T00:00:00,NIGHT,2905,68459,67230,1229,10444,6997.902591,0.514439856,Group 3,32,152.375,3657,88191,GT
2026-01-24T00:00:00,NIGHT,2908,69371,68191,1180,10912,7209.671423,0.499329274,Group 3,31,167.375,4017,85519,GT
2026-01-24T00:00:00,NIGHT,2908,69371,68191,1180,10912,7209.671423,0.499329274,Group 3,32,167.5416667,4021,88167,GT
2026-03-03T00:00:00,NIGHT,2080,55187,53948,1239,8714,7290.843631,0.493770019,Group 4,41,119.5833333,2870,87562,GT
2026-03-03T00:00:00,NIGHT,2080,55187,53948,1239,8714,7290.843631,0.493770019,Group 4,42,119.625,2871,85053,GT
2026-03-02T00:00:00,NIGHT,2313,54908,53649,1259,8664,7351.585439,0.489690289,Group 4,42,119.75,2874,85053,GT
2026-03-02T00:00:00,NIGHT,2313,54908,53649,1259,8664,7351.585439,0.489690289,Group 4,41,119.75,2874,87562,GT
2026-03-01T00:00:00,NIGHT,2275,55159,53884,1275,8628,7371.044317,0.488397552,Group 4,41,120.9583333,2903,87538,GT
2026-03-01T00:00:00,NIGHT,2275,55159,53884,1275,8628,7371.044317,0.488397552,Group 4,42,120.9583333,2903,85029,GT
2026-02-28T00:00:00,NIGHT,2333,62381,61077,1304,9568,7198.393791,0.500111567,Group 4,42,132.7083333,3185,85005,GT
2026-02-28T00:00:00,NIGHT,2333,62381,61077,1304,9568,7198.393791,0.500111567,Group 4,41,132.625,3183,87514,GT
2026-02-27T00:00:00,NIGHT,3406,66401,65056,1345,10074,7147.983039,0.503638576,Group 4,41,160.8333333,3860,87490,GT
2026-02-27T00:00:00,NIGHT,3406,66401,65056,1345,10074,7147.983039,0.503638576,Group 4,42,160.625,3855,84981,GT
2026-02-26T00:00:00,NIGHT,2811,65113,63726,1387,9856,7141.956624,0.504063549,Group 4,42,159.0416667,3817,84957,GT
2026-02-26T00:00:00,NIGHT,2811,65113,63726,1387,9856,7141.956624,0.504063549,Group 4,41,160.875,3861,87466,GT
2026-02-25T00:00:00,NIGHT,3063,66326,64939,1387,9988,7095.019073,0.507398213,Group 4,42,174.4583333,4187,84933,GT
2026-02-25T00:00:00,NIGHT,3063,66326,64939,1387,9988,7095.019073,0.507398213,Group 4,41,175.125,4203,87442,GT
2026-02-24T00:00:00,NIGHT,3091,67958,66580,1378,10428,7218.797879,0.498697991,Group 4,41,176.25,4230,87418,GT
2026-02-24T00:00:00,NIGHT,3091,67958,66580,1378,10428,7218.797879,0.498697991,Group 4,42,175.1666667,4204,84909,GT
2026-02-23T00:00:00,NIGHT,79953.3463,72763,71373,1390,11034,7102.802219,0.506842214,Group 4,41,173.75,4170,87394,GT
2026-02-23T00:00:00,NIGHT,79953.3463,72763,71373,1390,11034,7102.802219,0.506842214,Group 4,42,167.4583333,4019,84885,GT
2026-02-22T00:00:00,NIGHT,3403,67247,65949,1298,10298,7138.878594,0.504280883,Group 4,41,172.625,4143,87346,GT
2026-02-22T00:00:00,NIGHT,3403,67247,65949,1298,10298,7138.878594,0.504280883,Group 4,42,144.9166667,3478,84837,GT
2026-02-21T00:00:00,NIGHT,2766,65673,64367,1306,10128,7184.496403,0.501078962,Group 4,41,174.5833333,4190,87346,GT
2026-02-21T00:00:00,NIGHT,2766,65673,64367,1306,10128,7184.496403,0.501078962,Group 4,42,158.9166667,3814,84837,GT
2026-02-20T00:00:00,NIGHT,3010,67647,66296,1351,10384,7145.030288,0.503846709,Group 4,42,152.5833333,3662,84813,GT
2026-02-20T00:00:00,NIGHT,3010,67647,66296,1351,10384,7145.030288,0.503846709,Group 4,41,172.5833333,4142,87322,GT
2026-02-19T00:00:00,NIGHT,3087,64023,62648,1375,10358,7543.178664,0.477252384,Group 4,42,182.2916667,4375,84789,GT
2026-02-19T00:00:00,NIGHT,3087,64023,62648,1375,10358,7543.178664,0.477252384,Group 4,41,185.1666667,4444,87298,GT
2026-02-18T00:00:00,NIGHT,2882,66827,65456,1371,10810,7526.616402,0.478302574,Group 4,41,177.9166667,4270,87274,GT
2026-02-18T00:00:00,NIGHT,2882,66827,65456,1371,10810,7526.616402,0.478302574,Group 4,42,160.875,3861,84765,GT
2026-02-17T00:00:00,NIGHT,2752,67225,65900,1325,10880,7485.307657,0.480942156,Group 4,41,182.1666667,4372,87250,GT
2026-02-17T00:00:00,NIGHT,2752,67225,65900,1325,10880,7485.307657,0.480942156,Group 4,42,170.8333333,4100,84741,GT
2026-02-16T00:00:00,NIGHT,3238,70681,69312,1369,11312,7400.106362,0.486479494,Group 4,41,188.8333333,4532,87226,GT
2026-02-16T00:00:00,NIGHT,3238,70681,69312,1369,11312,7400.106362,0.486479494,Group 4,42,183.6666667,4408,84717,GT
2026-02-15T00:00:00,NIGHT,3295,73260,71814,1446,11710,7390.402827,0.487118238,Group 4,41,211.25,5070,87202,GT
2026-02-15T00:00:00,NIGHT,3295,73260,71814,1446,11710,7390.402827,0.487118238,Group 4,42,210.875,5061,84693,GT
2026-02-14T00:00:00,NIGHT,3209,69029,67646,1383,11120,7451.416542,0.483129614,Group 4,41,201.125,4827,87178,GT
2026-02-14T00:00:00,NIGHT,3209,69029,67646,1383,11120,7451.416542,0.483129614,Group 4,42,200.625,4815,84669,GT
2026-02-13T00:00:00,NIGHT,2518,64022,62684,1338,10432,7531.796159,0.477973637,Group 4,42,167,4008,84645,GT
2026-02-13T00:00:00,NIGHT,2518,64022,62684,1338,10432,7531.796159,0.477973637,Group 4,41,167,4008,87154,GT
2026-02-12T00:00:00,NIGHT,3143,65389,63998,1391,10432,7408.663021,0.485917633,Group 4,42,168.5833333,4046,84621,GT
2026-02-12T00:00:00,NIGHT,3143,65389,63998,1391,10432,7408.663021,0.485917633,Group 4,41,185.0833333,4442,87130,GT
2026-02-10T00:00:00,NIGHT,2813,71146,69838,1308,10874,7087.098095,0.507965313,Group 4,41,178,4272,87082,GT
2026-02-10T00:00:00,NIGHT,2813,71146,69838,1308,10874,7087.098095,0.507965313,Group 4,42,162,3888,84573,GT
2026-02-09T00:00:00,NIGHT,79953.3463,67278,65977,1301,10332,7136.702459,0.504434649,Group 4,42,179,4296,84549,GT
2026-02-09T00:00:00,NIGHT,79953.3463,67278,65977,1301,10332,7136.702459,0.504434649,Group 4,41,183.2083333,4397,87058,GT
2026-02-08T00:00:00,NIGHT,3039,65601,64319,1282,10136,7168.896611,0.502169329,Group 4,41,172.6666667,4144,87034,GT
2026-02-08T00:00:00,NIGHT,3039,65601,64319,1282,10136,7168.896611,0.502169329,Group 4,42,151.5,3636,84525,GT
2026-02-07T00:00:00,NIGHT,2458,68529,67294,1235,10478,7078.917119,0.508552359,Group 4,42,156.75,3762,84501,GT
2026-02-07T00:00:00,NIGHT,2458,68529,67294,1235,10478,7078.917119,0.508552359,Group 4,41,177.1666667,4252,87010,GT
2026-02-06T00:00:00,NIGHT,2972,66989,65776,1213,10304,7133.142009,0.504686433,Group 4,42,147.0833333,3530,84477,GT
2026-02-06T00:00:00,NIGHT,2972,66989,65776,1213,10304,7133.142009,0.504686433,Group 4,41,173.0833333,4154,86986,GT
2026-02-05T00:00:00,NIGHT,2614,64788,63495,1293,9916,7124.371532,0.505307729,Group 4,41,176.8333333,4244,86962,GT
2026-02-05T00:00:00,NIGHT,2614,64788,63495,1293,9916,7124.371532,0.505307729,Group 4,42,149.0416667,3577,84453,GT
2026-02-04T00:00:00,NIGHT,2900,63044,61753,1291,9764,7213.055586,0.499095003,Group 4,41,176.5,4236,86938,GT
2026-02-04T00:00:00,NIGHT,2900,63044,61753,1291,9764,7213.055586,0.499095003,Group 4,42,157.2916667,3775,84429,GT
2026-02-03T00:00:00,NIGHT,2655,65787,64471,1316,9976,7042.943661,0.511149907,Group 4,41,166.2916667,3991,86914,GT
2026-02-03T00:00:00,NIGHT,2655,65787,64471,1316,9976,7042.943661,0.511149907,Group 4,42,139.0833333,3338,84405,GT
2026-02-02T00:00:00,NIGHT,3189,72300,70994,1306,10712,7073.203279,0.508963175,Group 4,42,172.3333333,4136,84357,GT
2026-02-02T00:00:00,NIGHT,3189,72300,70994,1306,10712,7073.203279,0.508963175,Group 4,41,182.5416667,4381,86866,GT
2026-01-31T00:00:00,NIGHT,2975,65721,64498,1223,9972,6964.660758,0.516895241,Group 4,41,180.5416667,4333,86842,GT
2026-01-31T00:00:00,NIGHT,2975,65721,64498,1223,9972,6964.660758,0.516895241,Group 4,42,157.7916667,3787,84333,GT
2026-01-30T00:00:00,NIGHT,2907,61932,60709,1223,9504,7052.084207,0.510487381,Group 4,42,142.9166667,3430,84309,GT
2026-01-30T00:00:00,NIGHT,2907,61932,60709,1223,9504,7052.084207,0.510487381,Group 4,41,176.125,4227,86818,GT
2026-01-29T00:00:00,NIGHT,2347,62292,61090,1202,9628,7099.538154,0.507075238,Group 4,41,170.6666667,4096,86794,GT
2026-01-29T00:00:00,NIGHT,2347,62292,61090,1202,9628,7099.538154,0.507075238,Group 4,42,142.75,3426,84285,GT
2026-01-28T00:00:00,NIGHT,2724,66448,65230,1218,10174,7026.002502,0.512382397,Group 4,42,160.2916667,3847,84261,GT
2026-01-28T00:00:00,NIGHT,2724,66448,65230,1218,10174,7026.002502,0.512382397,Group 4,41,184.0416667,4417,86770,GT
2026-01-27T00:00:00,NIGHT,2679,65247,64029,1218,10194,7171.864095,0.501961548,Group 4,41,177,4243,86746,GT
2026-01-27T00:00:00,NIGHT,2679,65247,64029,1218,10194,7171.864095,0.501961548,Group 4,42,150,3605,84237,GT
2026-01-26T00:00:00,NIGHT,2776,65217,63999,1218,9888,6959.842484,0.517253086,Group 4,41,176.1666667,4228,86722,GT
2026-01-26T00:00:00,NIGHT,2776,65217,63999,1218,9888,6959.842484,0.517253086,Group 4,42,150.8333333,3620,84213,GT
2026-01-25T00:00:00,NIGHT,2905,68459,67230,1229,10444,6997.902591,0.514439856,Group 4,41,185.8333333,4460,86698,GT
2026-01-25T00:00:00,NIGHT,2905,68459,67230,1229,10444,6997.902591,0.514439856,Group 4,42,174.8333333,4196,84189,GT
2026-01-24T00:00:00,NIGHT,2908,69371,68191,1180,10912,7209.671423,0.499329274,Group 4,41,186.4166667,4474,86674,GT
2026-01-24T00:00:00,NIGHT,2908,69371,68191,1180,10912,7209.671423,0.499329274,Group 4,42,186.4583333,4475,84165,GT
2026-03-03T00:00:00,NIGHT,2080,55187,53948,1239,8714,7290.843631,0.493770019,Group 5,51,0.625,15,88049,GT
2026-03-03T00:00:00,NIGHT,2080,55187,53948,1239,8714,7290.843631,0.493770019,Group 5,52,119.625,2871,88730,GT
2026-03-02T00:00:00,NIGHT,2313,54908,53649,1259,8664,7351.585439,0.489690289,Group 5,52,119.75,2874,88730,GT
2026-03-02T00:00:00,NIGHT,2313,54908,53649,1259,8664,7351.585439,0.489690289,Group 5,51,132.4583333,3179,88049,GT
2026-03-01T00:00:00,NIGHT,2275,55159,53884,1275,8628,7371.044317,0.488397552,Group 5,51,136.875,3285,88025,GT
2026-03-01T00:00:00,NIGHT,2275,55159,53884,1275,8628,7371.044317,0.488397552,Group 5,52,122.875,2949,88706,GT
2026-02-28T00:00:00,NIGHT,2333,62381,61077,1304,9568,7198.393791,0.500111567,Group 5,52,150.2916667,3607,88682,GT
2026-02-28T00:00:00,NIGHT,2333,62381,61077,1304,9568,7198.393791,0.500111567,Group 5,51,165.7916667,3979,88001,GT
2026-02-27T00:00:00,NIGHT,3406,66401,65056,1345,10074,7147.983039,0.503638576,Group 5,51,149.6666667,3592,87977,GT
2026-02-27T00:00:00,NIGHT,3406,66401,65056,1345,10074,7147.983039,0.503638576,Group 5,52,138.0833333,3314,88658,GT
2026-02-26T00:00:00,NIGHT,2811,65113,63726,1387,9856,7141.956624,0.504063549,Group 5,52,17.125,411,88634,GT
2026-02-26T00:00:00,NIGHT,2811,65113,63726,1387,9856,7141.956624,0.504063549,Group 5,51,161.0416667,3865,87953,GT
2026-02-25T00:00:00,NIGHT,3063,66326,64939,1387,9988,7095.019073,0.507398213,Group 5,52,0.125,3,88628,GT
2026-02-25T00:00:00,NIGHT,3063,66326,64939,1387,9988,7095.019073,0.507398213,Group 5,51,143.9166667,3454,87929,GT
2026-02-24T00:00:00,NIGHT,3091,67958,66580,1378,10428,7218.797879,0.498697991,Group 5,51,30.29166667,727,87905,GT
2026-02-24T00:00:00,NIGHT,3091,67958,66580,1378,10428,7218.797879,0.498697991,Group 5,52,94.83333333,2276,88628,GT
2026-02-23T00:00:00,NIGHT,79953.3463,72763,71373,1390,11034,7102.802219,0.506842214,Group 5,51,162.1666667,3892,87898,GT
2026-02-23T00:00:00,NIGHT,79953.3463,72763,71373,1390,11034,7102.802219,0.506842214,Group 5,52,169,4056,88604,GT
2026-02-22T00:00:00,NIGHT,3403,67247,65949,1298,10298,7138.878594,0.504280883,Group 5,51,159,3816,87851,GT
2026-02-22T00:00:00,NIGHT,3403,67247,65949,1298,10298,7138.878594,0.504280883,Group 5,52,138.5416667,3325,88556,GT
2026-02-21T00:00:00,NIGHT,2766,65673,64367,1306,10128,7184.496403,0.501078962,Group 5,52,143.0833333,3434,88556,GT
2026-02-21T00:00:00,NIGHT,2766,65673,64367,1306,10128,7184.496403,0.501078962,Group 5,51,162,3888,87851,GT
2026-02-20T00:00:00,NIGHT,3010,67647,66296,1351,10384,7145.030288,0.503846709,Group 5,52,164.1666667,3940,88532,GT
2026-02-20T00:00:00,NIGHT,3010,67647,66296,1351,10384,7145.030288,0.503846709,Group 5,51,168.5,4044,87827,GT
2026-02-19T00:00:00,NIGHT,3087,64023,62648,1375,10358,7543.178664,0.477252384,Group 5,52,152.9166667,3670,88508,GT
2026-02-19T00:00:00,NIGHT,3087,64023,62648,1375,10358,7543.178664,0.477252384,Group 5,51,163.7083333,3929,87803,GT
2026-02-18T00:00:00,NIGHT,2882,66827,65456,1371,10810,7526.616402,0.478302574,Group 5,51,173.375,4161,87779,GT
2026-02-18T00:00:00,NIGHT,2882,66827,65456,1371,10810,7526.616402,0.478302574,Group 5,52,168,4032,88484,GT
2026-02-17T00:00:00,NIGHT,2752,67225,65900,1325,10880,7485.307657,0.480942156,Group 5,52,164.3333333,3944,88460,GT
2026-02-17T00:00:00,NIGHT,2752,67225,65900,1325,10880,7485.307657,0.480942156,Group 5,51,159.5,3828,87755,GT
2026-02-16T00:00:00,NIGHT,3238,70681,69312,1369,11312,7400.106362,0.486479494,Group 5,51,177.2083333,4253,87731,GT
2026-02-16T00:00:00,NIGHT,3238,70681,69312,1369,11312,7400.106362,0.486479494,Group 5,52,186.3333333,4472,88436,GT
2026-02-15T00:00:00,NIGHT,3295,73260,71814,1446,11710,7390.402827,0.487118238,Group 5,51,177.4583333,4259,87707,GT
2026-02-15T00:00:00,NIGHT,3295,73260,71814,1446,11710,7390.402827,0.487118238,Group 5,52,200.625,4815,88412,GT
2026-02-14T00:00:00,NIGHT,3209,69029,67646,1383,11120,7451.416542,0.483129614,Group 5,51,156.5833333,3758,87683,GT
2026-02-14T00:00:00,NIGHT,3209,69029,67646,1383,11120,7451.416542,0.483129614,Group 5,52,167.875,4029,88388,GT
2026-02-13T00:00:00,NIGHT,2518,64022,62684,1338,10432,7531.796159,0.477973637,Group 5,52,160.25,3846,88364,GT
2026-02-13T00:00:00,NIGHT,2518,64022,62684,1338,10432,7531.796159,0.477973637,Group 5,51,160.0833333,3842,87659,GT
2026-02-12T00:00:00,NIGHT,3143,65389,63998,1391,10432,7408.663021,0.485917633,Group 5,52,167.5,4020,88340,GT
2026-02-12T00:00:00,NIGHT,3143,65389,63998,1391,10432,7408.663021,0.485917633,Group 5,51,167.375,4017,87635,GT
2026-02-10T00:00:00,NIGHT,2813,71146,69838,1308,10874,7087.098095,0.507965313,Group 5,51,156.5,3756,87587,GT
2026-02-10T00:00:00,NIGHT,2813,71146,69838,1308,10874,7087.098095,0.507965313,Group 5,52,156.5,3756,88292,GT
2026-02-09T00:00:00,NIGHT,79953.3463,67278,65977,1301,10332,7136.702459,0.504434649,Group 5,52,154.625,3711,88268,GT
2026-02-09T00:00:00,NIGHT,79953.3463,67278,65977,1301,10332,7136.702459,0.504434649,Group 5,51,154.5833333,3710,87563,GT
2026-02-08T00:00:00,NIGHT,3039,65601,64319,1282,10136,7168.896611,0.502169329,Group 5,51,150.875,3621,87539,GT
2026-02-08T00:00:00,NIGHT,3039,65601,64319,1282,10136,7168.896611,0.502169329,Group 5,52,150.9166667,3622,88244,GT
2026-02-07T00:00:00,NIGHT,2458,68529,67294,1235,10478,7078.917119,0.508552359,Group 5,52,138.375,3321,88220,GT
2026-02-07T00:00:00,NIGHT,2458,68529,67294,1235,10478,7078.917119,0.508552359,Group 5,51,138.3333333,3320,87515,GT
2026-02-06T00:00:00,NIGHT,2972,66989,65776,1213,10304,7133.142009,0.504686433,Group 5,52,139.625,3351,88196,GT
2026-02-06T00:00:00,NIGHT,2972,66989,65776,1213,10304,7133.142009,0.504686433,Group 5,51,139.5833333,3350,87491,GT
2026-02-05T00:00:00,NIGHT,2614,64788,63495,1293,9916,7124.371532,0.505307729,Group 5,51,132.4583333,3179,87467,GT
2026-02-05T00:00:00,NIGHT,2614,64788,63495,1293,9916,7124.371532,0.505307729,Group 5,52,132.375,3177,88172,GT
2026-02-04T00:00:00,NIGHT,2900,63044,61753,1291,9764,7213.055586,0.499095003,Group 5,51,136.6666667,3280,87443,GT
2026-02-04T00:00:00,NIGHT,2900,63044,61753,1291,9764,7213.055586,0.499095003,Group 5,52,102.7916667,2467,88148,GT
2026-02-03T00:00:00,NIGHT,2655,65787,64471,1316,9976,7042.943661,0.511149907,Group 5,51,155.75,3738,87419,GT
2026-02-03T00:00:00,NIGHT,2655,65787,64471,1316,9976,7042.943661,0.511149907,Group 5,52,155.875,3741,88126,GT
2026-02-02T00:00:00,NIGHT,3189,72300,70994,1306,10712,7073.203279,0.508963175,Group 5,52,162.0416667,3889,88078,GT
2026-02-02T00:00:00,NIGHT,3189,72300,70994,1306,10712,7073.203279,0.508963175,Group 5,51,161.8333333,3884,87371,GT
2026-01-31T00:00:00,NIGHT,2975,65721,64498,1223,9972,6964.660758,0.516895241,Group 5,51,152.3333333,3656,87347,GT
2026-01-31T00:00:00,NIGHT,2975,65721,64498,1223,9972,6964.660758,0.516895241,Group 5,52,152.3333333,3656,88054,GT
2026-01-30T00:00:00,NIGHT,2907,61932,60709,1223,9504,7052.084207,0.510487381,Group 5,52,136.0416667,3265,88030,GT
2026-01-30T00:00:00,NIGHT,2907,61932,60709,1223,9504,7052.084207,0.510487381,Group 5,51,136,3264,87323,GT
2026-01-29T00:00:00,NIGHT,2347,62292,61090,1202,9628,7099.538154,0.507075238,Group 5,51,138.5,3324,87299,GT
2026-01-29T00:00:00,NIGHT,2347,62292,61090,1202,9628,7099.538154,0.507075238,Group 5,52,138.5,3324,88006,GT
2026-01-28T00:00:00,NIGHT,2724,66448,65230,1218,10174,7026.002502,0.512382397,Group 5,51,159.25,3822,87275,GT
2026-01-28T00:00:00,NIGHT,2724,66448,65230,1218,10174,7026.002502,0.512382397,Group 5,52,159,3816,87982,GT
2026-01-27T00:00:00,NIGHT,2679,65247,64029,1218,10194,7171.864095,0.501961548,Group 5,51,163,3910,87251,GT
2026-01-27T00:00:00,NIGHT,2679,65247,64029,1218,10194,7171.864095,0.501961548,Group 5,52,161,3866,87958,GT
2026-01-26T00:00:00,NIGHT,2776,65217,63999,1218,9888,6959.842484,0.517253086,Group 5,51,144.3333333,3464,87227,GT
2026-01-26T00:00:00,NIGHT,2776,65217,63999,1218,9888,6959.842484,0.517253086,Group 5,52,143.7083333,3449,87934,GT
2026-01-25T00:00:00,NIGHT,2905,68459,67230,1229,10444,6997.902591,0.514439856,Group 5,51,147.7916667,3547,87203,GT
2026-01-25T00:00:00,NIGHT,2905,68459,67230,1229,10444,6997.902591,0.514439856,Group 5,52,145.6666667,3496,87910,GT
2026-01-24T00:00:00,NIGHT,2908,69371,68191,1180,10912,7209.671423,0.499329274,Group 5,51,161.6666667,3880,87179,GT
2026-01-24T00:00:00,NIGHT,2908,69371,68191,1180,10912,7209.671423,0.499329274,Group 5,52,158.125,3795,87886,GT
2026-03-03T00:00:00,NIGHT,2080,55187,53948,1239,8714,7290.843631,0.493770019,Group 6,62,193.5416667,4645,85661,GT
2026-03-03T00:00:00,NIGHT,2080,55187,53948,1239,8714,7290.843631,0.493770019,Group 6,61,194.2083333,4661,82800,GT
2026-03-02T00:00:00,NIGHT,2313,54908,53649,1259,8664,7351.585439,0.489690289,Group 6,61,120.125,2883,82800,GT
2026-03-02T00:00:00,NIGHT,2313,54908,53649,1259,8664,7351.585439,0.489690289,Group 6,62,120.25,2886,85661,GT
2026-03-01T00:00:00,NIGHT,2275,55159,53884,1275,8628,7371.044317,0.488397552,Group 6,62,119.9583333,2879,85637,GT
2026-03-01T00:00:00,NIGHT,2275,55159,53884,1275,8628,7371.044317,0.488397552,Group 6,61,120.625,2895,82776,GT
2026-02-28T00:00:00,NIGHT,2333,62381,61077,1304,9568,7198.393791,0.500111567,Group 6,62,139.5,3348,85613,GT
2026-02-28T00:00:00,NIGHT,2333,62381,61077,1304,9568,7198.393791,0.500111567,Group 6,61,140.7083333,3377,82752,GT
2026-02-27T00:00:00,NIGHT,3406,66401,65056,1345,10074,7147.983039,0.503638576,Group 6,61,145.7916667,3499,82728,GT
2026-02-27T00:00:00,NIGHT,3406,66401,65056,1345,10074,7147.983039,0.503638576,Group 6,62,145.875,3501,85589,GT
2026-02-26T00:00:00,NIGHT,2811,65113,63726,1387,9856,7141.956624,0.504063549,Group 6,62,174.75,4194,85565,GT
2026-02-26T00:00:00,NIGHT,2811,65113,63726,1387,9856,7141.956624,0.504063549,Group 6,61,175.0416667,4201,82704,GT
2026-02-25T00:00:00,NIGHT,3063,66326,64939,1387,9988,7095.019073,0.507398213,Group 6,62,167.6666667,4024,85541,GT
2026-02-25T00:00:00,NIGHT,3063,66326,64939,1387,9988,7095.019073,0.507398213,Group 6,61,167.5833333,4022,82680,GT
2026-02-24T00:00:00,NIGHT,3091,67958,66580,1378,10428,7218.797879,0.498697991,Group 6,62,166.1666667,3988,85517,GT
2026-02-24T00:00:00,NIGHT,3091,67958,66580,1378,10428,7218.797879,0.498697991,Group 6,61,166.625,3999,82656,GT
2026-02-23T00:00:00,NIGHT,79953.3463,72763,71373,1390,11034,7102.802219,0.506842214,Group 6,61,164.8333333,3956,82632,GT
2026-02-23T00:00:00,NIGHT,79953.3463,72763,71373,1390,11034,7102.802219,0.506842214,Group 6,62,163.3333333,3920,85493,GT
2026-02-22T00:00:00,NIGHT,3403,67247,65949,1298,10298,7138.878594,0.504280883,Group 6,62,142.7083333,3425,85445,GT
2026-02-22T00:00:00,NIGHT,3403,67247,65949,1298,10298,7138.878594,0.504280883,Group 6,61,142.6666667,3424,82584,GT
2026-02-21T00:00:00,NIGHT,2766,65673,64367,1306,10128,7184.496403,0.501078962,Group 6,61,140.9166667,3382,82584,GT
2026-02-21T00:00:00,NIGHT,2766,65673,64367,1306,10128,7184.496403,0.501078962,Group 6,62,140.5416667,3373,85445,GT
2026-02-20T00:00:00,NIGHT,3010,67647,66296,1351,10384,7145.030288,0.503846709,Group 6,61,139.5,3348,82560,GT
2026-02-20T00:00:00,NIGHT,3010,67647,66296,1351,10384,7145.030288,0.503846709,Group 6,62,139.625,3351,85421,GT
2026-02-19T00:00:00,NIGHT,3087,64023,62648,1375,10358,7543.178664,0.477252384,Group 6,61,120.9583333,2903,82536,GT
2026-02-19T00:00:00,NIGHT,3087,64023,62648,1375,10358,7543.178664,0.477252384,Group 6,62,120.2083333,2885,85397,GT
2026-02-18T00:00:00,NIGHT,2882,66827,65456,1371,10810,7526.616402,0.478302574,Group 6,61,123.0833333,2954,82512,GT
2026-02-18T00:00:00,NIGHT,2882,66827,65456,1371,10810,7526.616402,0.478302574,Group 6,62,123.0833333,2954,85373.5,GT
2026-02-17T00:00:00,NIGHT,2752,67225,65900,1325,10880,7485.307657,0.480942156,Group 6,61,127.9166667,3070,82488,GT
2026-02-17T00:00:00,NIGHT,2752,67225,65900,1325,10880,7485.307657,0.480942156,Group 6,62,127.9583333,3071,85350,GT
2026-02-16T00:00:00,NIGHT,3238,70681,69312,1369,11312,7400.106362,0.486479494,Group 6,62,125.0833333,3002,85326,GT
2026-02-16T00:00:00,NIGHT,3238,70681,69312,1369,11312,7400.106362,0.486479494,Group 6,61,125.0416667,3001,82464,GT
2026-02-15T00:00:00,NIGHT,3295,73260,71814,1446,11710,7390.402827,0.487118238,Group 6,62,129.1666667,3100,85302,GT
2026-02-15T00:00:00,NIGHT,3295,73260,71814,1446,11710,7390.402827,0.487118238,Group 6,61,129.125,3099,82440,GT
2026-02-14T00:00:00,NIGHT,3209,69029,67646,1383,11120,7451.416542,0.483129614,Group 6,62,123.625,2967,85278,GT
2026-02-14T00:00:00,NIGHT,3209,69029,67646,1383,11120,7451.416542,0.483129614,Group 6,61,123.625,2967,82416,GT
2026-02-13T00:00:00,NIGHT,2518,64022,62684,1338,10432,7531.796159,0.477973637,Group 6,61,120.2083333,2885,82392,GT
2026-02-13T00:00:00,NIGHT,2518,64022,62684,1338,10432,7531.796159,0.477973637,Group 6,62,120.2083333,2885,85254,GT
2026-02-12T00:00:00,NIGHT,3143,65389,63998,1391,10432,7408.663021,0.485917633,Group 6,61,114.75,2754,82368,GT
2026-02-12T00:00:00,NIGHT,3143,65389,63998,1391,10432,7408.663021,0.485917633,Group 6,62,104.0833333,2498,85230,GT
2026-02-10T00:00:00,NIGHT,2813,71146,69838,1308,10874,7087.098095,0.507965313,Group 6,62,154.25,3702,85182,GT
2026-02-10T00:00:00,NIGHT,2813,71146,69838,1308,10874,7087.098095,0.507965313,Group 6,61,154.2083333,3701,82320,GT
2026-02-09T00:00:00,NIGHT,79953.3463,67278,65977,1301,10332,7136.702459,0.504434649,Group 6,62,149.875,3597,85158,GT
2026-02-09T00:00:00,NIGHT,79953.3463,67278,65977,1301,10332,7136.702459,0.504434649,Group 6,61,149.8333333,3596,82296,GT
2026-02-08T00:00:00,NIGHT,3039,65601,64319,1282,10136,7168.896611,0.502169329,Group 6,61,143.5,3444,82272,GT
2026-02-08T00:00:00,NIGHT,3039,65601,64319,1282,10136,7168.896611,0.502169329,Group 6,62,143.375,3441,85134,GT
2026-02-07T00:00:00,NIGHT,2458,68529,67294,1235,10478,7078.917119,0.508552359,Group 6,62,153.8333333,3692,85110,GT
2026-02-07T00:00:00,NIGHT,2458,68529,67294,1235,10478,7078.917119,0.508552359,Group 6,61,154.4166667,3706,82248,GT
2026-02-06T00:00:00,NIGHT,2972,66989,65776,1213,10304,7133.142009,0.504686433,Group 6,62,144.7916667,3475,85086,GT
2026-02-06T00:00:00,NIGHT,2972,66989,65776,1213,10304,7133.142009,0.504686433,Group 6,61,144.7083333,3473,82224,GT
2026-02-05T00:00:00,NIGHT,2614,64788,63495,1293,9916,7124.371532,0.505307729,Group 6,62,150.125,3603,85062,GT
2026-02-05T00:00:00,NIGHT,2614,64788,63495,1293,9916,7124.371532,0.505307729,Group 6,61,150.125,3603,82200,GT
2026-02-04T00:00:00,NIGHT,2900,63044,61753,1291,9764,7213.055586,0.499095003,Group 6,61,143.1666667,3436,82176,GT
2026-02-04T00:00:00,NIGHT,2900,63044,61753,1291,9764,7213.055586,0.499095003,Group 6,62,143.25,3438,85038,GT
2026-02-03T00:00:00,NIGHT,2655,65787,64471,1316,9976,7042.943661,0.511149907,Group 6,62,153.9166667,3694,85014,GT
2026-02-03T00:00:00,NIGHT,2655,65787,64471,1316,9976,7042.943661,0.511149907,Group 6,61,153.875,3693,82152,GT
2026-02-02T00:00:00,NIGHT,3189,72300,70994,1306,10712,7073.203279,0.508963175,Group 6,61,159.9583333,3839,82104,GT
2026-02-02T00:00:00,NIGHT,3189,72300,70994,1306,10712,7073.203279,0.508963175,Group 6,62,159.4583333,3827,84966,GT
2026-01-31T00:00:00,NIGHT,2975,65721,64498,1223,9972,6964.660758,0.516895241,Group 6,62,150.875,3621,84942,GT
2026-01-31T00:00:00,NIGHT,2975,65721,64498,1223,9972,6964.660758,0.516895241,Group 6,61,150.875,3621,82080,GT
2026-01-30T00:00:00,NIGHT,2907,61932,60709,1223,9504,7052.084207,0.510487381,Group 6,62,137.125,3291,84918,GT
2026-01-30T00:00:00,NIGHT,2907,61932,60709,1223,9504,7052.084207,0.510487381,Group 6,61,137.125,3291,82056,GT
2026-01-29T00:00:00,NIGHT,2347,62292,61090,1202,9628,7099.538154,0.507075238,Group 6,61,133.1666667,3196,82032,GT
2026-01-29T00:00:00,NIGHT,2347,62292,61090,1202,9628,7099.538154,0.507075238,Group 6,62,133.5833333,3206,84894,GT
2026-01-28T00:00:00,NIGHT,2724,66448,65230,1218,10174,7026.002502,0.512382397,Group 6,62,151.875,3645,84870,GT
2026-01-28T00:00:00,NIGHT,2724,66448,65230,1218,10174,7026.002502,0.512382397,Group 6,61,151.9166667,3646,82008,GT
2026-01-27T00:00:00,NIGHT,2679,65247,64029,1218,10194,7171.864095,0.501961548,Group 6,61,123,2941,81984,GT
2026-01-27T00:00:00,NIGHT,2679,65247,64029,1218,10194,7171.864095,0.501961548,Group 6,62,123,2945,84846,GT
2026-01-26T00:00:00,NIGHT,2776,65217,63999,1218,9888,6959.842484,0.517253086,Group 6,61,193.625,4647,81960,GT
2026-01-26T00:00:00,NIGHT,2776,65217,63999,1218,9888,6959.842484,0.517253086,Group 6,62,145.9166667,3502,84822,GT
2026-01-25T00:00:00,NIGHT,2905,68459,67230,1229,10444,6997.902591,0.514439856,Group 6,61,138.4166667,3322,81936,GT
2026-01-25T00:00:00,NIGHT,2905,68459,67230,1229,10444,6997.902591,0.514439856,Group 6,62,142.3333333,3416,84798,GT
2026-01-24T00:00:00,NIGHT,2908,69371,68191,1180,10912,7209.671423,0.499329274,Group 6,61,96.875,2325,81912,GT
2026-01-24T00:00:00,NIGHT,2908,69371,68191,1180,10912,7209.671423,0.499329274,Group 6,62,97.54166667,2341,84774,GT
2026-03-03T00:00:00,NIGHT,2080,55187,53948,1239,8714,7290.843631,0.493770019,Group 1,10,141.9583333,3407,95201,ST
2026-03-03T00:00:00,NIGHT,2080,55187,53948,1239,8714,7290.843631,0.493770019,Group 2,20,146.7916667,3523,95687,ST
2026-03-03T00:00:00,NIGHT,2080,55187,53948,1239,8714,7290.843631,0.493770019,Group 3,30,130.5416667,3133,92980,ST
2026-03-03T00:00:00,NIGHT,2080,55187,53948,1239,8714,7290.843631,0.493770019,Group 4,40,133.0833333,3194,93582,ST
2026-03-03T00:00:00,NIGHT,2080,55187,53948,1239,8714,7290.843631,0.493770019,Group 5,50,68.16666667,1636,94969,ST
2026-03-03T00:00:00,NIGHT,2080,55187,53948,1239,8714,7290.843631,0.493770019,Group 6,60,185.4166667,4450,90928,ST
2026-03-02T00:00:00,NIGHT,2313,54908,53649,1259,8664,7351.585439,0.489690289,Group 1,10,139.9583333,3359,95201,ST
2026-03-02T00:00:00,NIGHT,2313,54908,53649,1259,8664,7351.585439,0.489690289,Group 2,20,141.8333333,3404,95687,ST
2026-03-02T00:00:00,NIGHT,2313,54908,53649,1259,8664,7351.585439,0.489690289,Group 3,30,130.4583333,3131,92980,ST
2026-03-02T00:00:00,NIGHT,2313,54908,53649,1259,8664,7351.585439,0.489690289,Group 4,40,132.75,3186,93582,ST
2026-03-02T00:00:00,NIGHT,2313,54908,53649,1259,8664,7351.585439,0.489690289,Group 6,60,142.5416667,3421,90928,ST
2026-03-02T00:00:00,NIGHT,2313,54908,53649,1259,8664,7351.585439,0.489690289,Group 5,50,146.4166667,3514,94969,ST
2026-03-01T00:00:00,NIGHT,2275,55159,53884,1275,8628,7371.044317,0.488397552,Group 3,30,130.5416667,3133,92956,ST
2026-03-01T00:00:00,NIGHT,2275,55159,53884,1275,8628,7371.044317,0.488397552,Group 1,10,139.0833333,3338,95177,ST
2026-03-01T00:00:00,NIGHT,2275,55159,53884,1275,8628,7371.044317,0.488397552,Group 2,20,141.9583333,3407,95663,ST
2026-03-01T00:00:00,NIGHT,2275,55159,53884,1275,8628,7371.044317,0.488397552,Group 4,40,133.0416667,3193,93558,ST
2026-03-01T00:00:00,NIGHT,2275,55159,53884,1275,8628,7371.044317,0.488397552,Group 5,50,148.0833333,3554,94945,ST
2026-03-01T00:00:00,NIGHT,2275,55159,53884,1275,8628,7371.044317,0.488397552,Group 6,60,142.4166667,3418,90904,ST
2026-02-28T00:00:00,NIGHT,2333,62381,61077,1304,9568,7198.393791,0.500111567,Group 2,20,157.875,3789,95639,ST
2026-02-28T00:00:00,NIGHT,2333,62381,61077,1304,9568,7198.393791,0.500111567,Group 3,30,135.5416667,3253,92932,ST
2026-02-28T00:00:00,NIGHT,2333,62381,61077,1304,9568,7198.393791,0.500111567,Group 1,10,151.2916667,3631,95153,ST
2026-02-28T00:00:00,NIGHT,2333,62381,61077,1304,9568,7198.393791,0.500111567,Group 4,40,139.1666667,3340,93534,ST
2026-02-28T00:00:00,NIGHT,2333,62381,61077,1304,9568,7198.393791,0.500111567,Group 6,60,153.75,3690,90880,ST
2026-02-28T00:00:00,NIGHT,2333,62381,61077,1304,9568,7198.393791,0.500111567,Group 5,50,165,3960,94921,ST
2026-02-27T00:00:00,NIGHT,3406,66401,65056,1345,10074,7147.983039,0.503638576,Group 2,20,168.625,4047,95615,ST
2026-02-27T00:00:00,NIGHT,3406,66401,65056,1345,10074,7147.983039,0.503638576,Group 3,30,141.375,3393,92908,ST
2026-02-27T00:00:00,NIGHT,3406,66401,65056,1345,10074,7147.983039,0.503638576,Group 1,10,160.3333333,3848,95129,ST
2026-02-27T00:00:00,NIGHT,3406,66401,65056,1345,10074,7147.983039,0.503638576,Group 5,50,156.8333333,3764,94897,ST
2026-02-27T00:00:00,NIGHT,3406,66401,65056,1345,10074,7147.983039,0.503638576,Group 6,60,156.8333333,3764,90856,ST
2026-02-27T00:00:00,NIGHT,3406,66401,65056,1345,10074,7147.983039,0.503638576,Group 4,40,153,3672,93510,ST
2026-02-26T00:00:00,NIGHT,2811,65113,63726,1387,9856,7141.956624,0.504063549,Group 2,20,176.7916667,4243,95591,ST
2026-02-26T00:00:00,NIGHT,2811,65113,63726,1387,9856,7141.956624,0.504063549,Group 3,30,141.125,3387,92884,ST
2026-02-26T00:00:00,NIGHT,2811,65113,63726,1387,9856,7141.956624,0.504063549,Group 1,10,163.375,3921,95105,ST
2026-02-26T00:00:00,NIGHT,2811,65113,63726,1387,9856,7141.956624,0.504063549,Group 4,40,152.25,3654,93486,ST
2026-02-26T00:00:00,NIGHT,2811,65113,63726,1387,9856,7141.956624,0.504063549,Group 6,60,174.7916667,4195,90832,ST
2026-02-26T00:00:00,NIGHT,2811,65113,63726,1387,9856,7141.956624,0.504063549,Group 5,50,86.70833333,2081,94873,ST
2026-02-25T00:00:00,NIGHT,3063,66326,64939,1387,9988,7095.019073,0.507398213,Group 1,10,168.0833333,4034,95081,ST
2026-02-25T00:00:00,NIGHT,3063,66326,64939,1387,9988,7095.019073,0.507398213,Group 2,20,175.5416667,4213,95567,ST
2026-02-25T00:00:00,NIGHT,3063,66326,64939,1387,9988,7095.019073,0.507398213,Group 3,30,153.4583333,3683,92860,ST
2026-02-25T00:00:00,NIGHT,3063,66326,64939,1387,9988,7095.019073,0.507398213,Group 4,40,160.6666667,3856,93462,ST
2026-02-25T00:00:00,NIGHT,3063,66326,64939,1387,9988,7095.019073,0.507398213,Group 6,60,169.5833333,4070,90808,ST
2026-02-25T00:00:00,NIGHT,3063,66326,64939,1387,9988,7095.019073,0.507398213,Group 5,50,73.08333333,1754,94849,ST
2026-02-24T00:00:00,NIGHT,3091,67958,66580,1378,10428,7218.797879,0.498697991,Group 1,10,177.2083333,4253,95057,ST
2026-02-24T00:00:00,NIGHT,3091,67958,66580,1378,10428,7218.797879,0.498697991,Group 2,20,188.25,4518,95543,ST
2026-02-24T00:00:00,NIGHT,3091,67958,66580,1378,10428,7218.797879,0.498697991,Group 3,30,154.4166667,3706,92836,ST
2026-02-24T00:00:00,NIGHT,3091,67958,66580,1378,10428,7218.797879,0.498697991,Group 6,60,170.9166667,4102,90784,ST
2026-02-24T00:00:00,NIGHT,3091,67958,66580,1378,10428,7218.797879,0.498697991,Group 4,40,162.5,3900,93438,ST
2026-02-24T00:00:00,NIGHT,3091,67958,66580,1378,10428,7218.797879,0.498697991,Group 5,50,66.25,1590,94825,ST
2026-02-23T00:00:00,NIGHT,79953.3463,72763,71373,1390,11034,7102.802219,0.506842214,Group 2,20,180.7083333,4337,95519,ST
2026-02-23T00:00:00,NIGHT,79953.3463,72763,71373,1390,11034,7102.802219,0.506842214,Group 3,30,148.6666667,3568,92812,ST
2026-02-23T00:00:00,NIGHT,79953.3463,72763,71373,1390,11034,7102.802219,0.506842214,Group 1,10,176.875,4245,95033,ST
2026-02-23T00:00:00,NIGHT,79953.3463,72763,71373,1390,11034,7102.802219,0.506842214,Group 5,50,157.9166667,3790,94801,ST
2026-02-23T00:00:00,NIGHT,79953.3463,72763,71373,1390,11034,7102.802219,0.506842214,Group 6,60,172.5416667,4141,90760,ST
2026-02-23T00:00:00,NIGHT,79953.3463,72763,71373,1390,11034,7102.802219,0.506842214,Group 4,40,162.5416667,3901,93414,ST
2026-02-22T00:00:00,NIGHT,3403,67247,65949,1298,10298,7138.878594,0.504280883,Group 3,30,152.2083333,3653,92764,ST
2026-02-22T00:00:00,NIGHT,3403,67247,65949,1298,10298,7138.878594,0.504280883,Group 1,10,157.9166667,3790,94985,ST
2026-02-22T00:00:00,NIGHT,3403,67247,65949,1298,10298,7138.878594,0.504280883,Group 2,20,170.875,4101,95471,ST
2026-02-22T00:00:00,NIGHT,3403,67247,65949,1298,10298,7138.878594,0.504280883,Group 4,40,154.0416667,3697,93366,ST
2026-02-22T00:00:00,NIGHT,3403,67247,65949,1298,10298,7138.878594,0.504280883,Group 6,60,157.4166667,3778,90712,ST
2026-02-22T00:00:00,NIGHT,3403,67247,65949,1298,10298,7138.878594,0.504280883,Group 5,50,150.0833333,3602,94753,ST
2026-02-21T00:00:00,NIGHT,2766,65673,64367,1306,10128,7184.496403,0.501078962,Group 1,10,159.6666667,3832,94985,ST
2026-02-21T00:00:00,NIGHT,2766,65673,64367,1306,10128,7184.496403,0.501078962,Group 2,20,140.1666667,3364,95471,ST
2026-02-21T00:00:00,NIGHT,2766,65673,64367,1306,10128,7184.496403,0.501078962,Group 3,30,152.375,3657,92764,ST
2026-02-21T00:00:00,NIGHT,2766,65673,64367,1306,10128,7184.496403,0.501078962,Group 4,40,157.5,3780,93366,ST
2026-02-21T00:00:00,NIGHT,2766,65673,64367,1306,10128,7184.496403,0.501078962,Group 6,60,156.5,3756,90712,ST
2026-02-21T00:00:00,NIGHT,2766,65673,64367,1306,10128,7184.496403,0.501078962,Group 5,50,152.1666667,3652,94753,ST
2026-02-20T00:00:00,NIGHT,3010,67647,66296,1351,10384,7145.030288,0.503846709,Group 3,30,147.375,3537,92740,ST
2026-02-20T00:00:00,NIGHT,3010,67647,66296,1351,10384,7145.030288,0.503846709,Group 1,10,163.4166667,3922,94961,ST
2026-02-20T00:00:00,NIGHT,3010,67647,66296,1351,10384,7145.030288,0.503846709,Group 2,20,163.1666667,3916,95447,ST
2026-02-20T00:00:00,NIGHT,3010,67647,66296,1351,10384,7145.030288,0.503846709,Group 4,40,155.1666667,3724,93342,ST
2026-02-20T00:00:00,NIGHT,3010,67647,66296,1351,10384,7145.030288,0.503846709,Group 6,60,156.2083333,3749,90688,ST
2026-02-20T00:00:00,NIGHT,3010,67647,66296,1351,10384,7145.030288,0.503846709,Group 5,50,154.375,3705,94729,ST
2026-02-19T00:00:00,NIGHT,3087,64023,62648,1375,10358,7543.178664,0.477252384,Group 3,30,151.25,3630,92716,ST
2026-02-19T00:00:00,NIGHT,3087,64023,62648,1375,10358,7543.178664,0.477252384,Group 1,10,158.5,3804,94937,ST
2026-02-19T00:00:00,NIGHT,3087,64023,62648,1375,10358,7543.178664,0.477252384,Group 2,20,167.125,4011,95423,ST
2026-02-19T00:00:00,NIGHT,3087,64023,62648,1375,10358,7543.178664,0.477252384,Group 4,40,167.0416667,4009,93318,ST
2026-02-19T00:00:00,NIGHT,3087,64023,62648,1375,10358,7543.178664,0.477252384,Group 6,60,18.625,447,90664,ST
2026-02-19T00:00:00,NIGHT,3087,64023,62648,1375,10358,7543.178664,0.477252384,Group 5,50,147.4583333,3539,94705,ST
2026-02-18T00:00:00,NIGHT,2882,66827,65456,1371,10810,7526.616402,0.478302574,Group 2,20,174.375,4185,95399,ST
2026-02-18T00:00:00,NIGHT,2882,66827,65456,1371,10810,7526.616402,0.478302574,Group 3,30,153.75,3690,92692,ST
2026-02-18T00:00:00,NIGHT,2882,66827,65456,1371,10810,7526.616402,0.478302574,Group 1,10,174.625,4191,94913,ST
2026-02-18T00:00:00,NIGHT,2882,66827,65456,1371,10810,7526.616402,0.478302574,Group 5,50,155.5833333,3734,94681,ST
2026-02-18T00:00:00,NIGHT,2882,66827,65456,1371,10810,7526.616402,0.478302574,Group 6,60,0,0,90661,ST
2026-02-18T00:00:00,NIGHT,2882,66827,65456,1371,10810,7526.616402,0.478302574,Group 4,40,159.4166667,3826,93294,ST
2026-02-17T00:00:00,NIGHT,2752,67225,65900,1325,10880,7485.307657,0.480942156,Group 2,20,179.4583333,4307,95375,ST
2026-02-17T00:00:00,NIGHT,2752,67225,65900,1325,10880,7485.307657,0.480942156,Group 3,30,146.0416667,3505,92668,ST
2026-02-17T00:00:00,NIGHT,2752,67225,65900,1325,10880,7485.307657,0.480942156,Group 1,10,180.125,4323,94889,ST
2026-02-17T00:00:00,NIGHT,2752,67225,65900,1325,10880,7485.307657,0.480942156,Group 4,40,163.25,3918,93270,ST
2026-02-17T00:00:00,NIGHT,2752,67225,65900,1325,10880,7485.307657,0.480942156,Group 6,60,0,0,90661,ST
2026-02-17T00:00:00,NIGHT,2752,67225,65900,1325,10880,7485.307657,0.480942156,Group 5,50,161.1666667,3868,94657,ST
2026-02-16T00:00:00,NIGHT,3238,70681,69312,1369,11312,7400.106362,0.486479494,Group 1,10,185.875,4461,94865,ST
2026-02-16T00:00:00,NIGHT,3238,70681,69312,1369,11312,7400.106362,0.486479494,Group 2,20,184.8333333,4436,95351,ST
2026-02-16T00:00:00,NIGHT,3238,70681,69312,1369,11312,7400.106362,0.486479494,Group 5,50,179.75,4314,94633,ST
2026-02-16T00:00:00,NIGHT,3238,70681,69312,1369,11312,7400.106362,0.486479494,Group 6,60,0,0,90661,ST
2026-02-16T00:00:00,NIGHT,3238,70681,69312,1369,11312,7400.106362,0.486479494,Group 4,40,168.9583333,4055,93246,ST
2026-02-16T00:00:00,NIGHT,3238,70681,69312,1369,11312,7400.106362,0.486479494,Group 3,30,152.1666667,3652,92644,ST
2026-02-15T00:00:00,NIGHT,3295,73260,71814,1446,11710,7390.402827,0.487118238,Group 1,10,176.375,4233,94841,ST
2026-02-15T00:00:00,NIGHT,3295,73260,71814,1446,11710,7390.402827,0.487118238,Group 2,20,183.7083333,4409,95327,ST
2026-02-15T00:00:00,NIGHT,3295,73260,71814,1446,11710,7390.402827,0.487118238,Group 3,30,162.0833333,3890,92620,ST
2026-02-15T00:00:00,NIGHT,3295,73260,71814,1446,11710,7390.402827,0.487118238,Group 4,40,188.25,4518,93222,ST
2026-02-15T00:00:00,NIGHT,3295,73260,71814,1446,11710,7390.402827,0.487118238,Group 6,60,0,0,90661,ST
2026-02-15T00:00:00,NIGHT,3295,73260,71814,1446,11710,7390.402827,0.487118238,Group 5,50,185.9166667,4462,94609,ST
2026-02-14T00:00:00,NIGHT,3209,69029,67646,1383,11120,7451.416542,0.483129614,Group 1,10,181.2916667,4351,94817,ST
2026-02-14T00:00:00,NIGHT,3209,69029,67646,1383,11120,7451.416542,0.483129614,Group 2,20,180.4583333,4331,95303,ST
2026-02-14T00:00:00,NIGHT,3209,69029,67646,1383,11120,7451.416542,0.483129614,Group 3,30,151.5833333,3638,92596,ST
2026-02-14T00:00:00,NIGHT,3209,69029,67646,1383,11120,7451.416542,0.483129614,Group 4,40,180.4583333,4331,93198,ST
2026-02-14T00:00:00,NIGHT,3209,69029,67646,1383,11120,7451.416542,0.483129614,Group 6,60,0,0,90661,ST
2026-02-14T00:00:00,NIGHT,3209,69029,67646,1383,11120,7451.416542,0.483129614,Group 5,50,168.375,4041,94585,ST
2026-02-13T00:00:00,NIGHT,2518,64022,62684,1338,10432,7531.796159,0.477973637,Group 4,40,162.2916667,3895,93174,ST
2026-02-13T00:00:00,NIGHT,2518,64022,62684,1338,10432,7531.796159,0.477973637,Group 6,60,0,0,90661,ST
2026-02-13T00:00:00,NIGHT,2518,64022,62684,1338,10432,7531.796159,0.477973637,Group 5,50,170.25,4086,94561,ST
2026-02-13T00:00:00,NIGHT,2518,64022,62684,1338,10432,7531.796159,0.477973637,Group 3,30,154.7916667,3715,92572,ST
2026-02-13T00:00:00,NIGHT,2518,64022,62684,1338,10432,7531.796159,0.477973637,Group 2,20,167,4008,95279,ST
2026-02-13T00:00:00,NIGHT,2518,64022,62684,1338,10432,7531.796159,0.477973637,Group 1,10,166.25,3990,94793,ST
2026-02-12T00:00:00,NIGHT,3143,65389,63998,1391,10432,7408.663021,0.485917633,Group 1,10,167.5833333,4022,94769,ST
2026-02-12T00:00:00,NIGHT,3143,65389,63998,1391,10432,7408.663021,0.485917633,Group 2,20,164.4583333,3947,95255,ST
2026-02-12T00:00:00,NIGHT,3143,65389,63998,1391,10432,7408.663021,0.485917633,Group 3,30,152.75,3666,92548,ST
2026-02-12T00:00:00,NIGHT,3143,65389,63998,1391,10432,7408.663021,0.485917633,Group 4,40,169.2916667,4063,93150,ST
2026-02-12T00:00:00,NIGHT,3143,65389,63998,1391,10432,7408.663021,0.485917633,Group 6,60,47.04166667,1129,90661,ST
2026-02-12T00:00:00,NIGHT,3143,65389,63998,1391,10432,7408.663021,0.485917633,Group 5,50,173.875,4173,94537,ST
2026-02-10T00:00:00,NIGHT,2813,71146,69838,1308,10874,7087.098095,0.507965313,Group 3,30,154.4166667,3706,92500,ST
2026-02-10T00:00:00,NIGHT,2813,71146,69838,1308,10874,7087.098095,0.507965313,Group 1,10,172,4128,94721,ST
2026-02-10T00:00:00,NIGHT,2813,71146,69838,1308,10874,7087.098095,0.507965313,Group 2,20,172,4128,95207,ST
2026-02-10T00:00:00,NIGHT,2813,71146,69838,1308,10874,7087.098095,0.507965313,Group 4,40,164.5416667,3949,93102,ST
2026-02-10T00:00:00,NIGHT,2813,71146,69838,1308,10874,7087.098095,0.507965313,Group 5,50,166.0833333,3986,94489,ST
2026-02-10T00:00:00,NIGHT,2813,71146,69838,1308,10874,7087.098095,0.507965313,Group 6,60,160.375,3849,90626,ST
2026-02-09T00:00:00,NIGHT,79953.3463,67278,65977,1301,10332,7136.702459,0.504434649,Group 2,20,175.0833333,4202,95183,ST
2026-02-09T00:00:00,NIGHT,79953.3463,67278,65977,1301,10332,7136.702459,0.504434649,Group 3,30,120.2083333,2885,92476,ST
2026-02-09T00:00:00,NIGHT,79953.3463,67278,65977,1301,10332,7136.702459,0.504434649,Group 1,10,157.0416667,3769,94697,ST
2026-02-09T00:00:00,NIGHT,79953.3463,67278,65977,1301,10332,7136.702459,0.504434649,Group 4,40,171.125,4107,93078,ST
2026-02-09T00:00:00,NIGHT,79953.3463,67278,65977,1301,10332,7136.702459,0.504434649,Group 6,60,158.5,3804,90602,ST
2026-02-09T00:00:00,NIGHT,79953.3463,67278,65977,1301,10332,7136.702459,0.504434649,Group 5,50,165.2083333,3965,94465,ST
2026-02-08T00:00:00,NIGHT,3039,65601,64319,1282,10136,7168.896611,0.502169329,Group 2,20,158.5416667,3805,95159,ST
2026-02-08T00:00:00,NIGHT,3039,65601,64319,1282,10136,7168.896611,0.502169329,Group 3,30,145.5416667,3493,92452,ST
2026-02-08T00:00:00,NIGHT,3039,65601,64319,1282,10136,7168.896611,0.502169329,Group 1,10,158.625,3807,94673,ST
2026-02-08T00:00:00,NIGHT,3039,65601,64319,1282,10136,7168.896611,0.502169329,Group 5,50,163.375,3921,94441,ST
2026-02-08T00:00:00,NIGHT,3039,65601,64319,1282,10136,7168.896611,0.502169329,Group 6,60,156.4583333,3755,90578,ST
2026-02-08T00:00:00,NIGHT,3039,65601,64319,1282,10136,7168.896611,0.502169329,Group 4,40,161.7083333,3881,93054,ST
2026-02-07T00:00:00,NIGHT,2458,68529,67294,1235,10478,7078.917119,0.508552359,Group 2,20,164.4583333,3947,95135,ST
2026-02-07T00:00:00,NIGHT,2458,68529,67294,1235,10478,7078.917119,0.508552359,Group 3,30,152.0833333,3650,92428,ST
2026-02-07T00:00:00,NIGHT,2458,68529,67294,1235,10478,7078.917119,0.508552359,Group 1,10,170.625,4095,94649,ST
2026-02-07T00:00:00,NIGHT,2458,68529,67294,1235,10478,7078.917119,0.508552359,Group 4,40,164.4583333,3947,93030,ST
2026-02-07T00:00:00,NIGHT,2458,68529,67294,1235,10478,7078.917119,0.508552359,Group 6,60,161.7083333,3881,90554,ST
2026-02-07T00:00:00,NIGHT,2458,68529,67294,1235,10478,7078.917119,0.508552359,Group 5,50,155.9583333,3743,94417,ST
2026-02-06T00:00:00,NIGHT,2972,66989,65776,1213,10304,7133.142009,0.504686433,Group 1,10,163.4166667,3922,94625,ST
2026-02-06T00:00:00,NIGHT,2972,66989,65776,1213,10304,7133.142009,0.504686433,Group 2,20,166.5416667,3997,95111,ST
2026-02-06T00:00:00,NIGHT,2972,66989,65776,1213,10304,7133.142009,0.504686433,Group 3,30,152.4583333,3659,92404,ST
2026-02-06T00:00:00,NIGHT,2972,66989,65776,1213,10304,7133.142009,0.504686433,Group 4,40,160.375,3849,93006,ST
2026-02-06T00:00:00,NIGHT,2972,66989,65776,1213,10304,7133.142009,0.504686433,Group 6,60,155.5833333,3734,90530,ST
2026-02-06T00:00:00,NIGHT,2972,66989,65776,1213,10304,7133.142009,0.504686433,Group 5,50,156.125,3747,94393,ST
2026-02-05T00:00:00,NIGHT,2614,64788,63495,1293,9916,7124.371532,0.505307729,Group 1,10,168.875,4053,94601,ST
2026-02-05T00:00:00,NIGHT,2614,64788,63495,1293,9916,7124.371532,0.505307729,Group 2,20,149.9166667,3598,95087,ST
2026-02-05T00:00:00,NIGHT,2614,64788,63495,1293,9916,7124.371532,0.505307729,Group 3,30,135.4583333,3251,92380,ST
2026-02-05T00:00:00,NIGHT,2614,64788,63495,1293,9916,7124.371532,0.505307729,Group 6,60,157.75,3786,90506,ST
2026-02-05T00:00:00,NIGHT,2614,64788,63495,1293,9916,7124.371532,0.505307729,Group 4,40,160.875,3861,92982,ST
2026-02-05T00:00:00,NIGHT,2614,64788,63495,1293,9916,7124.371532,0.505307729,Group 5,50,151.375,3633,94369,ST
2026-02-04T00:00:00,NIGHT,2900,63044,61753,1291,9764,7213.055586,0.499095003,Group 2,20,159.5,3828,95063,ST
2026-02-04T00:00:00,NIGHT,2900,63044,61753,1291,9764,7213.055586,0.499095003,Group 3,30,139.5833333,3350,92356,ST
2026-02-04T00:00:00,NIGHT,2900,63044,61753,1291,9764,7213.055586,0.499095003,Group 1,10,155.8333333,3740,94577,ST
2026-02-04T00:00:00,NIGHT,2900,63044,61753,1291,9764,7213.055586,0.499095003,Group 5,50,137.0833333,3290,94345,ST
2026-02-04T00:00:00,NIGHT,2900,63044,61753,1291,9764,7213.055586,0.499095003,Group 6,60,154.3333333,3704,90482,ST
2026-02-04T00:00:00,NIGHT,2900,63044,61753,1291,9764,7213.055586,0.499095003,Group 4,40,163.1666667,3916,92958,ST
2026-02-03T00:00:00,NIGHT,2655,65787,64471,1316,9976,7042.943661,0.511149907,Group 3,30,147.6666667,3544,92332,ST
2026-02-03T00:00:00,NIGHT,2655,65787,64471,1316,9976,7042.943661,0.511149907,Group 1,10,154.7083333,3713,94553,ST
2026-02-03T00:00:00,NIGHT,2655,65787,64471,1316,9976,7042.943661,0.511149907,Group 2,20,157,3768,95039,ST
2026-02-03T00:00:00,NIGHT,2655,65787,64471,1316,9976,7042.943661,0.511149907,Group 6,60,160.1666667,3844,90458,ST
2026-02-03T00:00:00,NIGHT,2655,65787,64471,1316,9976,7042.943661,0.511149907,Group 4,40,155.75,3738,92934,ST
2026-02-03T00:00:00,NIGHT,2655,65787,64471,1316,9976,7042.943661,0.511149907,Group 5,50,164.2083333,3941,94321,ST
2026-02-02T00:00:00,NIGHT,3189,72300,70994,1306,10712,7073.203279,0.508963175,Group 3,30,162.6666667,3904,92284,ST
2026-02-02T00:00:00,NIGHT,3189,72300,70994,1306,10712,7073.203279,0.508963175,Group 1,10,161.8333333,3884,94505,ST
2026-02-02T00:00:00,NIGHT,3189,72300,70994,1306,10712,7073.203279,0.508963175,Group 2,20,172.7083333,4145,94991,ST
2026-02-02T00:00:00,NIGHT,3189,72300,70994,1306,10712,7073.203279,0.508963175,Group 4,40,168.4583333,4043,92886,ST
2026-02-02T00:00:00,NIGHT,3189,72300,70994,1306,10712,7073.203279,0.508963175,Group 6,60,164.4583333,3947,90410,ST
2026-02-02T00:00:00,NIGHT,3189,72300,70994,1306,10712,7073.203279,0.508963175,Group 5,50,168.75,4050,94273,ST
2026-01-31T00:00:00,NIGHT,2975,65721,64498,1223,9972,6964.660758,0.516895241,Group 3,30,139.75,3354,92260,ST
2026-01-31T00:00:00,NIGHT,2975,65721,64498,1223,9972,6964.660758,0.516895241,Group 1,10,155.0833333,3722,94481,ST
2026-01-31T00:00:00,NIGHT,2975,65721,64498,1223,9972,6964.660758,0.516895241,Group 2,20,159.875,3837,94967,ST
2026-01-31T00:00:00,NIGHT,2975,65721,64498,1223,9972,6964.660758,0.516895241,Group 4,40,164.7916667,3955,92862,ST
2026-01-31T00:00:00,NIGHT,2975,65721,64498,1223,9972,6964.660758,0.516895241,Group 5,50,162.9583333,3911,94249,ST
2026-01-31T00:00:00,NIGHT,2975,65721,64498,1223,9972,6964.660758,0.516895241,Group 6,60,159.875,3837,90386,ST
2026-01-30T00:00:00,NIGHT,2907,61932,60709,1223,9504,7052.084207,0.510487381,Group 2,20,151.1666667,3628,94943,ST
2026-01-30T00:00:00,NIGHT,2907,61932,60709,1223,9504,7052.084207,0.510487381,Group 3,30,137.7916667,3307,92236,ST
2026-01-30T00:00:00,NIGHT,2907,61932,60709,1223,9504,7052.084207,0.510487381,Group 1,10,152.625,3663,94457,ST
2026-01-30T00:00:00,NIGHT,2907,61932,60709,1223,9504,7052.084207,0.510487381,Group 4,40,159.8333333,3836,92838,ST
2026-01-30T00:00:00,NIGHT,2907,61932,60709,1223,9504,7052.084207,0.510487381,Group 6,60,152.7916667,3667,90362,ST
2026-01-30T00:00:00,NIGHT,2907,61932,60709,1223,9504,7052.084207,0.510487381,Group 5,50,153.7083333,3689,94225,ST
2026-01-29T00:00:00,NIGHT,2347,62292,61090,1202,9628,7099.538154,0.507075238,Group 2,20,152.6666667,3664,94919,ST
2026-01-29T00:00:00,NIGHT,2347,62292,61090,1202,9628,7099.538154,0.507075238,Group 3,30,141.1666667,3388,92212,ST
2026-01-29T00:00:00,NIGHT,2347,62292,61090,1202,9628,7099.538154,0.507075238,Group 1,10,153.5833333,3686,94433,ST
2026-01-29T00:00:00,NIGHT,2347,62292,61090,1202,9628,7099.538154,0.507075238,Group 5,50,154.7916667,3715,94201,ST
2026-01-29T00:00:00,NIGHT,2347,62292,61090,1202,9628,7099.538154,0.507075238,Group 6,60,150.625,3615,90338,ST
2026-01-29T00:00:00,NIGHT,2347,62292,61090,1202,9628,7099.538154,0.507075238,Group 4,40,159,3816,92814,ST
2026-01-28T00:00:00,NIGHT,2724,66448,65230,1218,10174,7026.002502,0.512382397,Group 3,30,147.9583333,3551,92188,ST
2026-01-28T00:00:00,NIGHT,2724,66448,65230,1218,10174,7026.002502,0.512382397,Group 1,10,152.25,3654,94409,ST
2026-01-28T00:00:00,NIGHT,2724,66448,65230,1218,10174,7026.002502,0.512382397,Group 2,20,155.5,3732,94895,ST
2026-01-28T00:00:00,NIGHT,2724,66448,65230,1218,10174,7026.002502,0.512382397,Group 5,50,167.6666667,4024,94177,ST
2026-01-28T00:00:00,NIGHT,2724,66448,65230,1218,10174,7026.002502,0.512382397,Group 4,40,168.125,4035,92790,ST
2026-01-28T00:00:00,NIGHT,2724,66448,65230,1218,10174,7026.002502,0.512382397,Group 6,60,161.2916667,3871,90314,ST
2026-01-27T00:00:00,NIGHT,2679,65247,64029,1218,10194,7171.864095,0.501961548,Group 3,30,156,3738,92164,ST
2026-01-27T00:00:00,NIGHT,2679,65247,64029,1218,10194,7171.864095,0.501961548,Group 1,10,97,2339,94385,ST
2026-01-27T00:00:00,NIGHT,2679,65247,64029,1218,10194,7171.864095,0.501961548,Group 2,20,182,4377,94871,ST
2026-01-27T00:00:00,NIGHT,2679,65247,64029,1218,10194,7171.864095,0.501961548,Group 4,40,162,3897,92766,ST
2026-01-27T00:00:00,NIGHT,2679,65247,64029,1218,10194,7171.864095,0.501961548,Group 5,50,169,4067,94153,ST
2026-01-27T00:00:00,NIGHT,2679,65247,64029,1218,10194,7171.864095,0.501961548,Group 6,60,146,3493,90290,ST
2026-01-26T00:00:00,NIGHT,2776,65217,63999,1218,9888,6959.842484,0.517253086,Group 3,30,119.0416667,2857,92140,ST
2026-01-26T00:00:00,NIGHT,2776,65217,63999,1218,9888,6959.842484,0.517253086,Group 1,10,161.25,3870,94365,ST
2026-01-26T00:00:00,NIGHT,2776,65217,63999,1218,9888,6959.842484,0.517253086,Group 2,20,162.5833333,3902,94847,ST
2026-01-26T00:00:00,NIGHT,2776,65217,63999,1218,9888,6959.842484,0.517253086,Group 5,50,158.0833333,3794,94129,ST
2026-01-26T00:00:00,NIGHT,2776,65217,63999,1218,9888,6959.842484,0.517253086,Group 6,60,158.125,3795,90266,ST
2026-01-26T00:00:00,NIGHT,2776,65217,63999,1218,9888,6959.842484,0.517253086,Group 4,40,161.0833333,3866,92742,ST
2026-01-25T00:00:00,NIGHT,2905,68459,67230,1229,10444,6997.902591,0.514439856,Group 3,30,152.375,3657,92116,ST
2026-01-25T00:00:00,NIGHT,2905,68459,67230,1229,10444,6997.902591,0.514439856,Group 1,10,171.0833333,4106,94341,ST
2026-01-25T00:00:00,NIGHT,2905,68459,67230,1229,10444,6997.902591,0.514439856,Group 2,20,160.9583333,3863,94823,ST
2026-01-25T00:00:00,NIGHT,2905,68459,67230,1229,10444,6997.902591,0.514439856,Group 5,50,159.8333333,3836,94105,ST
2026-01-25T00:00:00,NIGHT,2905,68459,67230,1229,10444,6997.902591,0.514439856,Group 6,60,155.9166667,3742,90242,ST
2026-01-25T00:00:00,NIGHT,2905,68459,67230,1229,10444,6997.902591,0.514439856,Group 4,40,170.7083333,4097,92718,ST
2026-01-24T00:00:00,NIGHT,2908,69371,68191,1180,10912,7209.671423,0.499329274,Group 3,30,161.1666667,3868,92092,ST
2026-01-24T00:00:00,NIGHT,2908,69371,68191,1180,10912,7209.671423,0.499329274,Group 2,20,186.7083333,4481,94799,ST
2026-01-24T00:00:00,NIGHT,2908,69371,68191,1180,10912,7209.671423,0.499329274,Group 5,50,168.5833333,4046,94081,ST
2026-01-24T00:00:00,NIGHT,2908,69371,68191,1180,10912,7209.671423,0.499329274,Group 6,60,53.33333333,1280,90218,ST
2026-01-24T00:00:00,NIGHT,2908,69371,68191,1180,10912,7209.671423,0.499329274,Group 4,40,174.6666667,4192,92694,ST
2026-01-24T00:00:00,NIGHT,2908,69371,68191,1180,10912,7209.671423,0.499329274,Group 1,10,177.9583333,4271,94317,ST
